
insert into seasons (start_date, end_date, semester, season_year) values
('2024-09-16', '2025-03-15', 'first', '2024-2025'),
('2025-03-16', '2025-09-15', 'second', '2025');


insert into farmers (id, first_name, last_name, gender, date_of_birth, cellphone_no, created_at, updated_at) values
('1', 'Sermundo', 'Conanan', 'male', '1951-09-30', '09108744791', '2025-07-11 10:02:11.332001+00', '2025-07-11 10:02:11.332001+00'),
('2', 'Marilou', 'Solano', 'male', '1958-04-29', '09614859975', '2025-07-11 10:02:11.332001+00', '2025-07-11 10:02:11.332001+00'),
('3', 'Eleserio', 'Aguelo', 'male', '1956-11-06', '09185820602', '2025-07-11 10:02:11.332001+00', '2025-07-11 10:02:11.332001+00'),
('4', 'Bobby', 'Lachica', 'male', '1963-01-15', '09460232353', '2025-07-11 10:02:11.332001+00', '2025-07-11 10:02:11.332001+00'),
('5', 'Jan', 'Gelito', 'male', '1976-03-01', '09511356468', '2025-07-11 10:02:11.332001+00', '2025-07-11 10:02:11.332001+00'),
('6', 'Ronald', 'Feliciano', 'male', '1940-07-08', '09303742124', '2025-07-11 10:02:11.332001+00', '2025-07-11 10:02:11.332001+00'),
('7', 'Clyte', 'Gervacio', 'male', '1951-09-30', '09098196395', '2025-07-11 10:02:11.332001+00', '2025-07-11 10:02:11.332001+00'),
('8', 'Rodel', 'Guarino', 'male', '1962-11-18', '09099525093', '2025-07-11 10:02:11.332001+00', '2025-07-11 10:02:11.332001+00'),
('9', 'Jomar', 'Onayan', 'male', '1972-12-02', '09484117092', '2025-07-11 10:02:11.332001+00', '2025-07-11 10:02:11.332001+00'),
('10', 'Isidro', 'Felizardo', 'male', '1956-05-16', '09512156808', '2025-07-11 10:02:11.332001+00', '2025-07-11 10:02:11.332001+00'),
('11', 'Teodulfo', 'Icawalo', 'male', '1951-09-12', '09514872700', '2025-07-11 10:02:11.332001+00', '2025-07-11 10:02:11.332001+00'),
('12', 'Godofredo', 'Yarre Jr.', 'male', '1966-08-18', '09984555624', '2025-07-11 10:02:11.332001+00', '2025-07-11 10:02:11.332001+00'),
('13', 'Dionesia', 'Igmasin', 'female', '1971-05-15', '09307884027', '2025-07-11 10:02:11.332001+00', '2025-07-11 10:02:11.332001+00'),
('14', 'Dionesio', 'Dela Cruz', 'male', '1949-05-20', '09073813024', '2025-07-11 10:02:11.332001+00', '2025-07-11 10:02:11.332001+00'),
('15', 'Bonifacio', 'Tandugon', 'male', '1963-11-23', '09203984984', '2025-07-11 10:02:11.332001+00', '2025-07-11 10:02:11.332001+00'),
('16', 'Rowina', 'Villaruel', 'female', '1972-08-24', '09486336520', '2025-07-11 10:02:11.332001+00', '2025-07-11 10:02:11.332001+00'),
('17', 'Eulito', 'Vidal', 'male', '1974-10-15', '09192120702', '2025-07-11 10:02:11.332001+00', '2025-07-11 10:02:11.332001+00'),
('18', 'Emmanuel', 'Tolentino', 'male', '1982-04-07', '09192849193', '2025-07-11 10:02:11.332001+00', '2025-07-11 10:02:11.332001+00'),
('19', 'Merlinda', 'Tonic', 'female', '1966-07-08', '09100075744', '2025-07-11 10:02:11.332001+00', '2025-07-11 10:02:11.332001+00'),
('20', 'Felicito', 'De Hapin', 'male', '1972-01-22', '09999446831', '2025-07-11 10:02:11.332001+00', '2025-07-11 10:02:11.332001+00'),
('21', 'Randy', 'Abello', 'male', '1986-03-10', '09303742124', '2025-07-11 10:02:11.332001+00', '2025-07-11 10:02:11.332001+00'),
('22', 'Jeanette', 'Palawan', 'female', '1988-01-11', '09999446831', '2025-07-11 10:02:11.332001+00', '2025-07-11 10:02:11.332001+00'),
('23', 'Benny', 'Bonifacio', 'male', '1968-07-07', '09177148364', '2025-07-11 10:02:11.332001+00', '2025-07-11 10:02:11.332001+00'),
('24', 'Jeremias', 'Badoy', 'male', '1950-03-10', '09552584672', '2025-07-11 10:02:11.332001+00', '2025-07-11 10:02:11.332001+00'),
('25', 'Agosto', 'Canja', 'male', '1952-03-04', '09363823228', '2025-07-11 10:02:11.332001+00', '2025-07-11 10:02:11.332001+00'),
('26', 'Wenefredo', 'Pachicoy', 'male', '1961-03-10', '09554670460', '2025-07-11 10:02:11.332001+00', '2025-07-11 10:02:11.332001+00'),
('27', 'Amie', 'Tibang', 'female', '1952-09-16', '09093581044', '2025-07-11 10:02:11.332001+00', '2025-07-11 10:02:11.332001+00'),
('28', 'April', 'Rose Parinasan', 'female', '1966-04-12', '09388765433', '2025-07-11 10:02:11.332001+00', '2025-07-11 10:02:11.332001+00'),
('29', 'Reynaldo', 'Filamo', 'male', '1966-09-01', '09394999583', '2025-07-11 10:02:11.332001+00', '2025-07-11 10:02:11.332001+00'),
('30', 'Adella', 'Jumagbas', 'male', '1963-09-14', '09398476327', '2025-07-11 10:02:11.332001+00', '2025-07-11 10:02:11.332001+00'),
('31', 'Ruperto', 'Sendin', 'male', '1963-09-14', '09973028679', '2025-07-11 10:02:11.332001+00', '2025-07-11 10:02:11.332001+00'),
('32', 'Armando', 'Salinog', 'male', '1981-12-05', '09065192885', '2025-07-11 10:02:11.332001+00', '2025-07-11 10:02:11.332001+00'),
('33', 'Pablo', 'Juada', 'male', '1958-08-09', '09067826768', '2025-07-11 10:02:11.332001+00', '2025-07-11 10:02:11.332001+00'),
('34', 'Rafael', 'Omayana', 'male', '1968-11-12', '09051438752', '2025-07-11 10:02:11.332001+00', '2025-07-11 10:02:11.332001+00'),
('35', 'Tomas', 'Montero', 'male', '1957-06-15', '09654984156', '2025-07-11 10:02:11.332001+00', '2025-07-11 10:02:11.332001+00'),
('36', 'Sofia', 'Sabug', 'female', '1953-04-01', '09175434462', '2025-07-11 10:02:11.332001+00', '2025-07-11 10:02:11.332001+00'),
('37', 'Jose', 'Obasan', 'male', '1962-10-16', '09272933586', '2025-07-11 10:02:11.332001+00', '2025-07-11 10:02:11.332001+00'),
('38', 'Anacito', 'Josue', 'male', '1968-04-17', '09525080484', '2025-07-11 10:02:11.332001+00', '2025-07-11 10:02:11.332001+00'),
('39', 'Medardo', 'Rubite', 'male', '1959-09-30', '09368997949', '2025-07-11 10:02:11.332001+00', '2025-07-11 10:02:11.332001+00'),
('40', 'Anavelia', 'Cubon', 'female', '1950-06-27', '09052884426', '2025-07-11 10:02:11.332001+00', '2025-07-11 10:02:11.332001+00'),
('41', 'Santiago', 'Palonpon', 'male', '1961-04-03', '09073689078', '2025-07-11 10:02:11.332001+00', '2025-07-11 10:02:11.332001+00'),
('42', 'Virgie', 'Bantiquete', 'female', '1965-01-20', '09291426109', '2025-07-11 10:02:11.332001+00', '2025-07-11 10:02:11.332001+00'),
('43', 'Amalia', 'Francisco', 'female', '1968-03-09', '09999256874', '2025-07-11 10:02:11.332001+00', '2025-07-11 10:02:11.332001+00'),
('44', 'Marilyn', 'Reymundo', 'female', '1964-12-23', '09109413687', '2025-07-11 10:02:11.332001+00', '2025-07-11 10:02:11.332001+00'),
('45', 'Vicente', 'Daniel Jr.', 'male', '1973-05-08', '09309126200', '2025-07-11 10:02:11.332001+00', '2025-07-11 10:02:11.332001+00'),
('46', 'Esperanza', 'Marcelo', 'female', '1973-01-08', '09123888349', '2025-07-11 10:02:11.332001+00', '2025-07-11 10:02:11.332001+00'),
('47', 'Valentin', 'Contreras', 'male', '1987-02-14', '09199524738', '2025-07-11 10:02:11.332001+00', '2025-07-11 10:02:11.332001+00'),
('48', 'Arturo', 'Billones', 'male', '1966-11-11', '09388843344', '2025-07-11 10:02:11.332001+00', '2025-07-11 10:02:11.332001+00'),
('49', 'Edna', 'Ernesto', 'female', '1961-05-01', '09071042416', '2025-07-11 10:02:11.332001+00', '2025-07-11 10:02:11.332001+00'),
('50', 'Merlita', 'Benedicto', 'female', '1965-06-28', '09071042416', '2025-07-11 10:02:11.332001+00', '2025-07-11 10:02:11.332001+00'),
('51', 'Melchor', 'Batuigas', 'male', '1974-01-06', '09388831304', '2025-07-11 10:02:11.332001+00', '2025-07-11 10:02:11.332001+00'),
('52', 'Ramon', 'Bendoy', 'male', '1965-08-11', '09129779831', '2025-07-11 10:02:11.332001+00', '2025-07-11 10:02:11.332001+00'),
('53', 'Angie', 'Gacer', 'female', '1950-08-25', '09101788258', '2025-07-11 10:02:11.332001+00', '2025-07-11 10:02:11.332001+00'),
('54', 'Ramonito', 'Durana', 'male', '1977-02-20', '09487755720', '2025-07-11 10:02:11.332001+00', '2025-07-11 10:02:11.332001+00'),
('55', 'Daniel', 'Aplasca', 'male', '1975-02-06', '09151180056', '2025-07-11 10:02:11.332001+00', '2025-07-11 10:02:11.332001+00'),
('56', 'Lumar', 'Pardola', 'male', '1962-02-20', '09105088631', '2025-07-11 10:02:11.332001+00', '2025-07-11 10:02:11.332001+00'),
('57', 'Eden', 'Ganzon', 'male', '1977-04-15', '09287675517', '2025-07-11 10:02:11.332001+00', '2025-07-11 10:02:11.332001+00'),
('58', 'Antonio', 'Guirhem', 'male', '1978-06-13', '09356190113', '2025-07-11 10:02:11.332001+00', '2025-07-11 10:02:11.332001+00'),
('59', 'Ana', 'San Felix', 'female', '1953-01-10', '09286296421', '2025-07-11 10:02:11.332001+00', '2025-07-11 10:02:11.332001+00'),
('60', 'Gregorio', 'Gasis', 'male', '1964-07-04', '09993039699', '2025-07-11 10:02:11.332001+00', '2025-07-11 10:02:11.332001+00'),
('61', 'Ildefonso', 'Praile', 'male', '1963-01-23', '09493170216', '2025-07-11 10:02:11.332001+00', '2025-07-11 10:02:11.332001+00'),
('62', 'Lilibeth', 'Sotrina', 'female', '1974-02-04', '09612729797', '2025-07-11 10:02:11.332001+00', '2025-07-11 10:02:11.332001+00'),
('63', 'Joelito', 'Buenafe', 'male', '1958-01-26', '09289502594', '2025-07-11 10:02:11.332001+00', '2025-07-11 10:02:11.332001+00'),
('64', 'Jerry', 'Gonzales', 'male', '1971-03-31', '09199920442', '2025-07-11 10:02:11.332001+00', '2025-07-11 10:02:11.332001+00'),
('65', 'Mary', 'Joy Babor', 'female', '1973-09-10', '09196748014', '2025-07-11 10:02:11.332001+00', '2025-07-11 10:02:11.332001+00'),
('66', 'Alfredo', 'Ballener', 'male', '1955-08-29', '09214511997', '2025-07-11 10:02:11.332001+00', '2025-07-11 10:02:11.332001+00'),
('67', 'Levy', 'Cacho', 'female', '1966-11-14', '00966771876', '2025-07-11 10:02:11.332001+00', '2025-07-11 10:02:11.332001+00'),
('68', 'Warlito', 'Suelon', 'male', '1968-03-25', '00936238448', '2025-07-11 10:02:11.332001+00', '2025-07-11 10:02:11.332001+00'),
('69', 'Abdolia', 'Belga', 'female', '1957-09-06', '09122721313', '2025-07-11 10:02:11.332001+00', '2025-07-11 10:02:11.332001+00'),
('70', 'Baldomero', 'Barzuela', 'male', '1956-12-23', '09473878078', '2025-07-11 10:02:11.332001+00', '2025-07-11 10:02:11.332001+00'),
('71', 'Selfa', 'Panisa', 'female', '1950-09-11', '09127222176', '2025-07-11 10:02:11.332001+00', '2025-07-11 10:02:11.332001+00'),
('72', 'Helinda', 'Cadenas', 'female', '1963-08-07', '09663771876', '2025-07-11 10:02:11.332001+00', '2025-07-11 10:02:11.332001+00'),
('73', 'Melba', 'Palma', 'female', '1974-02-04', '09507691617', '2025-07-11 10:02:11.332001+00', '2025-07-11 10:02:11.332001+00'),
('74', 'Lina', 'Pamplona', 'female', '1955-08-14', '09569340407', '2025-07-11 10:02:11.332001+00', '2025-07-11 10:02:11.332001+00'),
('75', 'Evelyn', 'Regacho', 'female', '1967-09-11', '09051751671', '2025-07-11 10:02:11.332001+00', '2025-07-11 10:02:11.332001+00'),
('76', 'Rogelio', 'Panes', 'male', '1942-02-10', '09302049573', '2025-07-11 10:02:11.332001+00', '2025-07-11 10:02:11.332001+00'),
('77', 'Efren', 'Castañeda', 'male', '1959-04-20', '09499007875', '2025-07-11 10:02:11.332001+00', '2025-07-11 10:02:11.332001+00'),
('78', 'Joerito', 'Boglosa', 'male', '1963-12-28', '09093798733', '2025-07-11 10:02:11.332001+00', '2025-07-11 10:02:11.332001+00'),
('79', 'Jesus', 'Pitallos', 'male', '1963-01-24', '09355873171', '2025-07-11 10:02:11.332001+00', '2025-07-11 10:02:11.332001+00'),
('80', 'Santos', 'Finalla', 'male', '1986-11-02', '09150730592', '2025-07-11 10:02:11.332001+00', '2025-07-11 10:02:11.332001+00'),
('81', 'Radino', 'Divinigracia', 'male', '1960-11-22', '09365234947', '2025-07-11 10:02:11.332001+00', '2025-07-11 10:02:11.332001+00'),
('82', 'Alma', 'Elinon', 'female', '1963-03-20', '09858157813', '2025-07-11 10:02:11.332001+00', '2025-07-11 10:02:11.332001+00'),
('83', 'Ricky', 'Flores', 'male', '1968-07-25', '09933866251', '2025-07-11 10:02:11.332001+00', '2025-07-11 10:02:11.332001+00'),
('84', 'Leonardo', 'Sison Jr.', 'male', '1977-06-28', '09493696621', '2025-07-11 10:02:11.332001+00', '2025-07-11 10:02:11.332001+00'),
('85', 'Angelito', 'Magallanes', 'male', '1972-05-09', '09185931754', '2025-07-11 10:02:11.332001+00', '2025-07-11 10:02:11.332001+00'),
('86', 'Marina', 'Geraldoy', 'female', '1958-01-14', '09178808165', '2025-07-11 10:02:11.332001+00', '2025-07-11 10:02:11.332001+00'),
('87', 'Teresita', 'Gavilan', 'female', '1964-05-13', '09469966782', '2025-07-11 10:02:11.332001+00', '2025-07-11 10:02:11.332001+00'),
('88', 'Arturo', 'Dojoles Sr.', 'male', '1960-06-01', '09703339716', '2025-07-11 10:02:11.332001+00', '2025-07-11 10:02:11.332001+00'),
('89', 'Charles', 'Martir', 'male', '1969-01-06', '09502941159', '2025-07-11 10:02:11.332001+00', '2025-07-11 10:02:11.332001+00'),
('90', 'Sally', 'Tituag', 'female', '1967-01-04', '09517698448', '2025-07-11 10:02:11.332001+00', '2025-07-11 10:02:11.332001+00'),
('91', 'Felix', 'Garal', 'male', '1960-05-19', '09482578612', '2025-07-11 10:02:11.332001+00', '2025-07-11 10:02:11.332001+00'),
('92', 'Laydee', 'Discaya', 'female', '1963-10-31', '09489538824', '2025-07-11 10:02:11.332001+00', '2025-07-11 10:02:11.332001+00'),
('93', 'Arnold', 'Ortibano', 'male', '1971-12-11', '09109757336', '2025-07-11 10:02:11.332001+00', '2025-07-11 10:02:11.332001+00'),
('94', 'Alex', 'Vergara', 'male', '1970-01-24', '09489538824', '2025-07-11 10:02:11.332001+00', '2025-07-11 10:02:11.332001+00'),
('95', 'Leonardo', 'Graellos', 'male', '1964-09-01', '09462347317', '2025-07-11 10:02:11.332001+00', '2025-07-11 10:02:11.332001+00'),
('96', 'Lolita', 'Cardinal', 'female', '1957-04-24', '09194319044', '2025-07-11 10:02:11.332001+00', '2025-07-11 10:02:11.332001+00'),
('97', 'Joey', 'Mission', 'male', '1964-01-12', '09121023590', '2025-07-11 10:02:11.332001+00', '2025-07-11 10:02:11.332001+00'),
('98', 'Mario', 'Cetera', 'male', '1974-05-01', '09120215301', '2025-07-11 10:02:11.332001+00', '2025-07-11 10:02:11.332001+00'),
('99', 'Raul', 'Alvarez', 'male', '1968-01-20', '09071715807', '2025-07-11 10:02:11.332001+00', '2025-07-11 10:02:11.332001+00'),
('100', 'Teresita', 'Gallentes', 'female', '1950-06-01', '09966962881', '2025-07-11 10:02:11.332001+00', '2025-07-11 10:02:11.332001+00'),
('101', 'Prosie', 'Misme', 'female', '1954-10-24', '09392602131', '2025-07-11 10:02:11.332001+00', '2025-07-11 10:02:11.332001+00'),
('102', 'Salvacion', 'Gania', 'female', '1962-05-16', '09651685258', '2025-07-11 10:02:11.332001+00', '2025-07-11 10:02:11.332001+00'),
('103', 'Renante', 'Santocildes', 'male', '1975-11-13', '09649416739', '2025-07-11 10:02:11.332001+00', '2025-07-11 10:02:11.332001+00'),
('104', 'Jonathan', 'Yanguas', 'male', '1971-08-11', '00963419001', '2025-07-11 10:02:11.332001+00', '2025-07-11 10:02:11.332001+00'),
('105', 'Helen', 'Gedalanga', 'female', '1967-07-11', '09091573648', '2025-07-11 10:02:11.332001+00', '2025-07-11 10:02:11.332001+00'),
('106', 'Rogelio', 'Norico', 'male', '1952-05-28', '09098779230', '2025-07-11 10:02:11.332001+00', '2025-07-11 10:02:11.332001+00'),
('107', 'Joseph', 'Camilao', 'male', '1970-03-28', '09630357592', '2025-07-11 10:02:11.332001+00', '2025-07-11 10:02:11.332001+00'),
('108', 'Leopoldo', 'Toledano Jr.', 'male', '1982-11-11', '09124748244', '2025-07-11 10:02:11.332001+00', '2025-07-11 10:02:11.332001+00'),
('109', 'Joiny', 'Gaurana', 'male', '1955-09-28', '09105398791', '2025-07-11 10:02:11.332001+00', '2025-07-11 10:02:11.332001+00'),
('110', 'Hipolito', 'Tajolosa', 'male', '1985-01-30', '09636238448', '2025-07-11 10:02:11.332001+00', '2025-07-11 10:02:11.332001+00'),
('111', 'Lerma', 'Vargas', 'female', '1975-01-15', '09668604092', '2025-07-11 10:02:11.332001+00', '2025-07-11 10:02:11.332001+00'),
('112', 'Procesa', 'Gamarcha', 'female', '1961-07-02', '09171589053', '2025-07-11 10:02:11.332001+00', '2025-07-11 10:02:11.332001+00'),
('113', 'Sebastian', 'Pollentes', 'male', '1957-09-26', '09059035187', '2025-07-11 10:02:11.332001+00', '2025-07-11 10:02:11.332001+00'),
('114', 'Ma.', 'Fe Escorpiso', 'female', '1962-06-02', '09497649956', '2025-07-11 10:02:11.332001+00', '2025-07-11 10:02:11.332001+00'),
('115', 'Ronald', 'Zaragosa', 'male', '1980-05-22', '09979178311', '2025-07-11 10:02:11.332001+00', '2025-07-11 10:02:11.332001+00'),
('116', 'Dimas', 'Garganera', 'male', '1963-10-03', '09484774855', '2025-07-11 10:02:11.332001+00', '2025-07-11 10:02:11.332001+00'),
('117', 'Gemma', 'Recabar', 'female', '1964-11-17', '09304758640', '2025-07-11 10:02:11.332001+00', '2025-07-11 10:02:11.332001+00'),
('118', 'Pachito', 'Quezon', 'male', '1965-03-28', '09198305705', '2025-07-11 10:02:11.332001+00', '2025-07-11 10:02:11.332001+00'),
('119', 'Ruby', 'Joy Galas', 'female', '1959-11-16', '09178719315', '2025-07-11 10:02:11.332001+00', '2025-07-11 10:02:11.332001+00');


insert into mfids (id, mfid, used_at, created_at) values
('1', '600401001', '2025-11-26 04:47:09.62976+00', '2025-11-26 04:47:09.62976+00'),
('2', '600406002', '2025-11-26 04:47:09.62976+00', '2025-11-26 04:47:09.62976+00'),
('3', '600401003', '2025-11-26 04:47:09.62976+00', '2025-11-26 04:47:09.62976+00'),
('4', '600401004', '2025-11-26 04:47:09.62976+00', '2025-11-26 04:47:09.62976+00'),
('5', '600401005', '2025-11-26 04:47:09.62976+00', '2025-11-26 04:47:09.62976+00'),
('6', '600401017', '2025-11-26 04:47:09.62976+00', '2025-11-26 04:47:09.62976+00'),
('7', '600401018', '2025-11-26 04:47:09.62976+00', '2025-11-26 04:47:09.62976+00'),
('8', '600401019', '2025-11-26 04:47:09.62976+00', '2025-11-26 04:47:09.62976+00'),
('9', '600401020', '2025-11-26 04:47:09.62976+00', '2025-11-26 04:47:09.62976+00'),
('10', '600401022', '2025-11-26 04:47:09.62976+00', '2025-11-26 04:47:09.62976+00'),
('11', '600401006', '2025-11-26 04:47:09.62976+00', '2025-11-26 04:47:09.62976+00'),
('12', '600401007', '2025-11-26 04:47:09.62976+00', '2025-11-26 04:47:09.62976+00'),
('13', '600413008', '2025-11-26 04:47:09.62976+00', '2025-11-26 04:47:09.62976+00'),
('14', '600413009', '2025-11-26 04:47:09.62976+00', '2025-11-26 04:47:09.62976+00'),
('15', '600413010', '2025-11-26 04:47:09.62976+00', '2025-11-26 04:47:09.62976+00'),
('16', '600415011', '2025-11-26 04:47:09.62976+00', '2025-11-26 04:47:09.62976+00'),
('17', '600415012', '2025-11-26 04:47:09.62976+00', '2025-11-26 04:47:09.62976+00'),
('18', '600415013', '2025-11-26 04:47:09.62976+00', '2025-11-26 04:47:09.62976+00'),
('19', '600415014', '2025-11-26 04:47:09.62976+00', '2025-11-26 04:47:09.62976+00'),
('20', '600415015', '2025-11-26 04:47:09.62976+00', '2025-11-26 04:47:09.62976+00'),
('21', '600601011', '2025-11-26 04:47:09.62976+00', '2025-11-26 04:47:09.62976+00'),
('22', '600601012', '2025-11-26 04:47:09.62976+00', '2025-11-26 04:47:09.62976+00'),
('23', '600601013', '2025-11-26 04:47:09.62976+00', '2025-11-26 04:47:09.62976+00'),
('24', '600604008', '2025-11-26 04:47:09.62976+00', '2025-11-26 04:47:09.62976+00'),
('25', '600604010', '2025-11-26 04:47:09.62976+00', '2025-11-26 04:47:09.62976+00'),
('26', '600604011', '2025-11-26 04:47:09.62976+00', '2025-11-26 04:47:09.62976+00'),
('27', '600606005', '2025-11-26 04:47:09.62976+00', '2025-11-26 04:47:09.62976+00'),
('28', '600606006', '2025-11-26 04:47:09.62976+00', '2025-11-26 04:47:09.62976+00'),
('29', '600606007', '2025-11-26 04:47:09.62976+00', '2025-11-26 04:47:09.62976+00'),
('30', '600612018', '2025-11-26 04:47:09.62976+00', '2025-11-26 04:47:09.62976+00'),
('31', '600612024', '2025-11-26 04:47:09.62976+00', '2025-11-26 04:47:09.62976+00'),
('32', '600612025', '2025-11-26 04:47:09.62976+00', '2025-11-26 04:47:09.62976+00'),
('33', '600616014', '2025-11-26 04:47:09.62976+00', '2025-11-26 04:47:09.62976+00'),
('34', '600616015', '2025-11-26 04:47:09.62976+00', '2025-11-26 04:47:09.62976+00'),
('35', '600616016', '2025-11-26 04:47:09.62976+00', '2025-11-26 04:47:09.62976+00'),
('36', '600616017', '2025-11-26 04:47:09.62976+00', '2025-11-26 04:47:09.62976+00'),
('37', '600607001', '2025-11-26 04:47:09.62976+00', '2025-11-26 04:47:09.62976+00'),
('38', '600607002', '2025-11-26 04:47:09.62976+00', '2025-11-26 04:47:09.62976+00'),
('39', '600607003', '2025-11-26 04:47:09.62976+00', '2025-11-26 04:47:09.62976+00'),
('40', '600607004', '2025-11-26 04:47:09.62976+00', '2025-11-26 04:47:09.62976+00'),
('41', '601901011', '2025-11-26 04:47:09.62976+00', '2025-11-26 04:47:09.62976+00'),
('42', '601901012', '2025-11-26 04:47:09.62976+00', '2025-11-26 04:47:09.62976+00'),
('43', '601901013', '2025-11-26 04:47:09.62976+00', '2025-11-26 04:47:09.62976+00'),
('44', '601901014', '2025-11-26 04:47:09.62976+00', '2025-11-26 04:47:09.62976+00'),
('45', '601901015', '2025-11-26 04:47:09.62976+00', '2025-11-26 04:47:09.62976+00'),
('46', '601912001', '2025-11-26 04:47:09.62976+00', '2025-11-26 04:47:09.62976+00'),
('47', '601912002', '2025-11-26 04:47:09.62976+00', '2025-11-26 04:47:09.62976+00'),
('48', '601912003', '2025-11-26 04:47:09.62976+00', '2025-11-26 04:47:09.62976+00'),
('49', '601912008', '2025-11-26 04:47:09.62976+00', '2025-11-26 04:47:09.62976+00'),
('50', '601912007', '2025-11-26 04:47:09.62976+00', '2025-11-26 04:47:09.62976+00'),
('51', '601916006', '2025-11-26 04:47:09.62976+00', '2025-11-26 04:47:09.62976+00'),
('52', '601916007', '2025-11-26 04:47:09.62976+00', '2025-11-26 04:47:09.62976+00'),
('53', '601916008', '2025-11-26 04:47:09.62976+00', '2025-11-26 04:47:09.62976+00'),
('54', '601916009', '2025-11-26 04:47:09.62976+00', '2025-11-26 04:47:09.62976+00'),
('55', '601916010', '2025-11-26 04:47:09.62976+00', '2025-11-26 04:47:09.62976+00'),
('56', '601917016', '2025-11-26 04:47:09.62976+00', '2025-11-26 04:47:09.62976+00'),
('57', '601917017', '2025-11-26 04:47:09.62976+00', '2025-11-26 04:47:09.62976+00'),
('58', '601917018', '2025-11-26 04:47:09.62976+00', '2025-11-26 04:47:09.62976+00'),
('59', '601917019', '2025-11-26 04:47:09.62976+00', '2025-11-26 04:47:09.62976+00'),
('60', '601917020', '2025-11-26 04:47:09.62976+00', '2025-11-26 04:47:09.62976+00'),
('61', '603001003', '2025-11-26 04:47:09.62976+00', '2025-11-26 04:47:09.62976+00'),
('62', '603001004', '2025-11-26 04:47:09.62976+00', '2025-11-26 04:47:09.62976+00'),
('63', '603001005', '2025-11-26 04:47:09.62976+00', '2025-11-26 04:47:09.62976+00'),
('64', '603001006', '2025-11-26 04:47:09.62976+00', '2025-11-26 04:47:09.62976+00'),
('65', '603001007', '2025-11-26 04:47:09.62976+00', '2025-11-26 04:47:09.62976+00'),
('66', '603001008', '2025-11-26 04:47:09.62976+00', '2025-11-26 04:47:09.62976+00'),
('67', '603001009', '2025-11-26 04:47:09.62976+00', '2025-11-26 04:47:09.62976+00'),
('68', '603001011', '2025-11-26 04:47:09.62976+00', '2025-11-26 04:47:09.62976+00'),
('69', '603041002', '2025-11-26 04:47:09.62976+00', '2025-11-26 04:47:09.62976+00'),
('70', '603041003', '2025-11-26 04:47:09.62976+00', '2025-11-26 04:47:09.62976+00'),
('71', '603001014', '2025-11-26 04:47:09.62976+00', '2025-11-26 04:47:09.62976+00'),
('72', '603035015', '2025-11-26 04:47:09.62976+00', '2025-11-26 04:47:09.62976+00'),
('73', '603001016', '2025-11-26 04:47:09.62976+00', '2025-11-26 04:47:09.62976+00'),
('74', '603001017', '2025-11-26 04:47:09.62976+00', '2025-11-26 04:47:09.62976+00'),
('75', '603001018', '2025-11-26 04:47:09.62976+00', '2025-11-26 04:47:09.62976+00'),
('76', '603001019', '2025-11-26 04:47:09.62976+00', '2025-11-26 04:47:09.62976+00'),
('77', '603001010', '2025-11-26 04:47:09.62976+00', '2025-11-26 04:47:09.62976+00'),
('78', '603001020', '2025-11-26 04:47:09.62976+00', '2025-11-26 04:47:09.62976+00'),
('79', '603030012', '2025-11-26 04:47:09.62976+00', '2025-11-26 04:47:09.62976+00'),
('80', '603001013', '2025-11-26 04:47:09.62976+00', '2025-11-26 04:47:09.62976+00'),
('81', '604504001', '2025-11-26 04:47:09.62976+00', '2025-11-26 04:47:09.62976+00'),
('82', '604504002', '2025-11-26 04:47:09.62976+00', '2025-11-26 04:47:09.62976+00'),
('83', '604507001', '2025-11-26 04:47:09.62976+00', '2025-11-26 04:47:09.62976+00'),
('84', '604507002', '2025-11-26 04:47:09.62976+00', '2025-11-26 04:47:09.62976+00'),
('85', '604507017', '2025-11-26 04:47:09.62976+00', '2025-11-26 04:47:09.62976+00'),
('86', '604507019', '2025-11-26 04:47:09.62976+00', '2025-11-26 04:47:09.62976+00'),
('87', '604507020', '2025-11-26 04:47:09.62976+00', '2025-11-26 04:47:09.62976+00'),
('88', '604515011', '2025-11-26 04:47:09.62976+00', '2025-11-26 04:47:09.62976+00'),
('89', '604515012', '2025-11-26 04:47:09.62976+00', '2025-11-26 04:47:09.62976+00'),
('90', '604515013', '2025-11-26 04:47:09.62976+00', '2025-11-26 04:47:09.62976+00'),
('91', '604515014', '2025-11-26 04:47:09.62976+00', '2025-11-26 04:47:09.62976+00'),
('92', '604530001', '2025-11-26 04:47:09.62976+00', '2025-11-26 04:47:09.62976+00'),
('93', '604530002', '2025-11-26 04:47:09.62976+00', '2025-11-26 04:47:09.62976+00'),
('94', '604530003', '2025-11-26 04:47:09.62976+00', '2025-11-26 04:47:09.62976+00'),
('95', '604532009', '2025-11-26 04:47:09.62976+00', '2025-11-26 04:47:09.62976+00'),
('96', '604532003', '2025-11-26 04:47:09.62976+00', '2025-11-26 04:47:09.62976+00'),
('97', '604532004', '2025-11-26 04:47:09.62976+00', '2025-11-26 04:47:09.62976+00'),
('98', '604532005', '2025-11-26 04:47:09.62976+00', '2025-11-26 04:47:09.62976+00'),
('99', '604532006', '2025-11-26 04:47:09.62976+00', '2025-11-26 04:47:09.62976+00'),
('100', '607902002', '2025-11-26 04:47:09.62976+00', '2025-11-26 04:47:09.62976+00'),
('101', '607902004', '2025-11-26 04:47:09.62976+00', '2025-11-26 04:47:09.62976+00'),
('102', '607902005', '2025-11-26 04:47:09.62976+00', '2025-11-26 04:47:09.62976+00'),
('103', '607902006', '2025-11-26 04:47:09.62976+00', '2025-11-26 04:47:09.62976+00'),
('104', '607902007', '2025-11-26 04:47:09.62976+00', '2025-11-26 04:47:09.62976+00'),
('105', '607903006', '2025-11-26 04:47:09.62976+00', '2025-11-26 04:47:09.62976+00'),
('106', '607903007', '2025-11-26 04:47:09.62976+00', '2025-11-26 04:47:09.62976+00'),
('107', '607903008', '2025-11-26 04:47:09.62976+00', '2025-11-26 04:47:09.62976+00'),
('108', '607903009', '2025-11-26 04:47:09.62976+00', '2025-11-26 04:47:09.62976+00'),
('109', '607903010', '2025-11-26 04:47:09.62976+00', '2025-11-26 04:47:09.62976+00'),
('110', '607904011', '2025-11-26 04:47:09.62976+00', '2025-11-26 04:47:09.62976+00'),
('111', '607904012', '2025-11-26 04:47:09.62976+00', '2025-11-26 04:47:09.62976+00'),
('112', '607904013', '2025-11-26 04:47:09.62976+00', '2025-11-26 04:47:09.62976+00'),
('113', '607904014', '2025-11-26 04:47:09.62976+00', '2025-11-26 04:47:09.62976+00'),
('114', '607904015', '2025-11-26 04:47:09.62976+00', '2025-11-26 04:47:09.62976+00'),
('115', '607904016', '2025-11-26 04:47:09.62976+00', '2025-11-26 04:47:09.62976+00'),
('116', '607904017', '2025-11-26 04:47:09.62976+00', '2025-11-26 04:47:09.62976+00'),
('117', '607904018', '2025-11-26 04:47:09.62976+00', '2025-11-26 04:47:09.62976+00'),
('118', '607904019', '2025-11-26 04:47:09.62976+00', '2025-11-26 04:47:09.62976+00'),
('119', '607904020', '2025-11-26 04:47:09.62976+00', '2025-11-26 04:47:09.62976+00');



insert into fields (id, farmer_id, barangay_id, mfid, location, created_at, updated_at)
values
('1', '1', '94', '600401001', '0101000020E61000003288B43286A15E40FA6D8080520C2740', '2025-07-11 10:02:11.332001+00', '2025-07-11 10:02:11.332001+00'),
('2', '2', '90', '600406002', '0101000020E6100000A010A6CD5DA05E4010CDFA9CD40C2740', '2025-07-11 10:02:11.332001+00', '2025-07-11 10:02:11.332001+00'),
('3', '3', '109', '600401003', '0101000020E610000093C5FD47269E5E40978413EA4C122740', '2025-07-11 10:02:11.332001+00', '2025-07-11 10:02:11.332001+00'),
('4', '4', '123', '600401004', '0101000020E610000082A6CA9C539E5E40055220BB24152740', '2025-07-11 10:02:11.332001+00', '2025-07-11 10:02:11.332001+00'),
('5', '5', '101', '600401005', '0101000020E6100000E67F4D31629C5E4075BCB84379132740', '2025-07-11 10:02:11.332001+00', '2025-07-11 10:02:11.332001+00'),
('6', '6', '1', '600401017', '0101000020E61000002417523445875E407F44D97CD8A22740', '2025-07-11 10:02:11.332001+00', '2025-07-11 10:02:11.332001+00'),
('7', '7', '10', '600401018', '0101000020E610000081689C3C1B895E40AF6E48E51E9D2740', '2025-07-11 10:02:11.332001+00', '2025-07-11 10:02:11.332001+00'),
('8', '8', '2', '600401019', '0101000020E6100000969C6E345B8B5E40A9A3C25C7B822740', '2025-07-11 10:02:11.332001+00', '2025-07-11 10:02:11.332001+00'),
('9', '9', '8', '600401020', '0101000020E6100000DA9832CB798A5E408292C0EE8D8E2740', '2025-07-11 10:02:11.332001+00', '2025-07-11 10:02:11.332001+00'),
('10', '10', '1', '600401022', '0101000020E6100000F38BB73A258A5E40AFA1CCEDFB952740', '2025-07-11 10:02:11.332001+00', '2025-07-11 10:02:11.332001+00'),
('11', '11', '258', '600401006', '0101000020E610000022815028D5985E40FE9CA30A564B2740', '2025-07-11 10:02:11.332001+00', '2025-07-11 10:02:11.332001+00'),
('12', '12', '246', '600401007', '0101000020E6100000809BC58B05995E402D344205A8412740', '2025-07-11 10:02:11.332001+00', '2025-07-11 10:02:11.332001+00'),
('13', '13', '243', '600413008', '0101000020E610000002751431B6975E407363BCDEE4482740', '2025-07-11 10:02:11.332001+00', '2025-07-11 10:02:11.332001+00'),
('14', '14', '253', '600413009', '0101000020E61000006874ACF7C0965E40203626FE074C2740', '2025-07-11 10:02:11.332001+00', '2025-07-11 10:02:11.332001+00'),
('15', '15', '238', '600413010', '0101000020E6100000338408DD4A985E402312E8C030502740', '2025-07-11 10:02:11.332001+00', '2025-07-11 10:02:11.332001+00'),
('16', '16', '289', '600415011', '0101000020E610000094A531B580975E4067184E0437552740', '2025-07-11 10:02:11.332001+00', '2025-07-11 10:02:11.332001+00'),
('17', '17', '285', '600415012', '0101000020E61000007705ECB4FF975E40036AFF3D57512740', '2025-07-11 10:02:11.332001+00', '2025-07-11 10:02:11.332001+00'),
('18', '18', '294', '600415013', '0101000020E61000008A26AB7D15985E4071C3B5FBD14B2740', '2025-07-11 10:02:11.332001+00', '2025-07-11 10:02:11.332001+00'),
('19', '19', '284', '600415014', '0101000020E6100000AEBB79AAC3985E4002E5211993482740', '2025-07-11 10:02:11.332001+00', '2025-07-11 10:02:11.332001+00'),
('20', '20', '280', '600415015', '0101000020E6100000A08DB7F097985E40A00DC8778C432740', '2025-07-11 10:02:11.332001+00', '2025-07-11 10:02:11.332001+00'),
('21', '21', '353', '600601011', '0101000020E6100000A67224E10C845E409D0F323D1F7B2640', '2025-07-11 10:02:11.332001+00', '2025-07-11 10:02:11.332001+00'),
('22', '22', '382', '600601012', '0101000020E61000008CCC6D0C4B845E40C717279DCC762640', '2025-07-11 10:02:11.332001+00', '2025-07-11 10:02:11.332001+00'),
('23', '23', '353', '600601013', '0101000020E61000007ECE38680A845E40848BECB5666E2640', '2025-07-11 10:02:11.332001+00', '2025-07-11 10:02:11.332001+00'),
('24', '24', '407', '600604008', '0101000020E6100000328E36339F835E4083DC87B474742640', '2025-07-11 10:02:11.332001+00', '2025-07-11 10:02:11.332001+00'),
('25', '25', '410', '600604010', '0101000020E6100000F5EE343E38845E404B06DBE3E0C52640', '2025-07-11 10:02:11.332001+00', '2025-07-11 10:02:11.332001+00'),
('26', '26', '412', '600604011', '0101000020E6100000F5EE343E38845E404B06DBE3E0C52640', '2025-07-11 10:02:11.332001+00', '2025-07-11 10:02:11.332001+00'),
('27', '27', '460', '600606005', '0101000020E6100000F463DD8923845E401DDEBDED53E52640', '2025-07-11 10:02:11.332001+00', '2025-07-11 10:02:11.332001+00'),
('28', '28', '459', '600606006', '0101000020E61000007608D27B99835E40B753E70FD5D52640', '2025-07-11 10:02:11.332001+00', '2025-07-11 10:02:11.332001+00'),
('29', '29', '457', '600606007', '0101000020E61000009E6D7F78A7845E40CDEABA43CCCF2640', '2025-07-11 10:02:11.332001+00', '2025-07-11 10:02:11.332001+00'),
('30', '30', '697', '600612018', '0101000020E61000008630C8A711845E408EEB7CCBDECE2640', '2025-07-11 10:02:11.332001+00', '2025-07-11 10:02:11.332001+00'),
('31', '31', '686', '600612024', '0101000020E610000065EFD643457F5E404A504F619DA12540', '2025-07-11 10:02:11.332001+00', '2025-07-11 10:02:11.332001+00'),
('32', '32', '701', '600612025', '0101000020E6100000D31ADE07FB7E5E40B972B4B296952540', '2025-07-11 10:02:11.332001+00', '2025-07-11 10:02:11.332001+00'),
('33', '33', '848', '600616014', '0101000020E61000006A238DC00E815E4068E4B9DF1D8E2540', '2025-07-11 10:02:11.332001+00', '2025-07-11 10:02:11.332001+00'),
('34', '34', '816', '600616015', '0101000020E6100000B6453E54BF805E4097B36FD512882540', '2025-07-11 10:02:11.332001+00', '2025-07-11 10:02:11.332001+00'),
('35', '35', '817', '600616016', '0101000020E61000005958CBF8D27F5E4004A1A3F202882540', '2025-07-11 10:02:11.332001+00', '2025-07-11 10:02:11.332001+00'),
('36', '36', '850', '600616017', '0101000020E6100000EF7211DF89805E403C32F37044912540', '2025-07-11 10:02:11.332001+00', '2025-07-11 10:02:11.332001+00'),
('37', '37', '527', '600607001', '0101000020E6100000F4C6A41AD17F5E40A4E792816E8F2540', '2025-07-11 10:02:11.332001+00', '2025-07-11 10:02:11.332001+00'),
('38', '38', '530', '600607002', '0101000020E61000006511D43ABB7E5E40226F98ECC88C2540', '2025-07-11 10:02:11.332001+00', '2025-07-11 10:02:11.332001+00'),
('39', '39', '525', '600607003', '0101000020E6100000B88A6AB697805E4048D98593F2802540', '2025-07-11 10:02:11.332001+00', '2025-07-11 10:02:11.332001+00'),
('40', '40', '497', '600607004', '0101000020E610000075A26EB1EC825E406ED3A76E91942540', '2025-07-11 10:02:11.332001+00', '2025-07-11 10:02:11.332001+00'),
('41', '41', '921', '601901011', '0101000020E61000004AB148B8B57D5E409FB65FA183042540', '2025-07-11 10:02:11.332001+00', '2025-07-11 10:02:11.332001+00'),
('42', '42', '924', '601901012', '0101000020E61000003C3E100F977B5E40FA916CBFC6032540', '2025-07-11 10:02:11.332001+00', '2025-07-11 10:02:11.332001+00'),
('43', '43', '932', '601901013', '0101000020E6100000B323D5777E7E5E40670E0711C2062540', '2025-07-11 10:02:11.332001+00', '2025-07-11 10:02:11.332001+00'),
('44', '44', '929', '601901014', '0101000020E610000092996615117D5E40136CF163AB112540', '2025-07-11 10:02:11.332001+00', '2025-07-11 10:02:11.332001+00'),
('45', '45', '929', '601901015', '0101000020E6100000377D87ECCDAA5E40F956DA988DA02640', '2025-07-11 10:02:11.332001+00', '2025-07-11 10:02:11.332001+00'),
('46', '46', '1228', '601912001', '0101000020E610000008115FDCFCAB5E4040DB49C830AE2640', '2025-07-11 10:02:11.332001+00', '2025-07-11 10:02:11.332001+00'),
('47', '47', '1221', '601912002', '0101000020E61000000292FAFC41AF5E405494A69C8AA92640', '2025-07-11 10:02:11.332001+00', '2025-07-11 10:02:11.332001+00'),
('48', '48', '1213', '601912003', '0101000020E6100000F5CD4763FEAE5E404578E6AB05A42640', '2025-07-11 10:02:11.332001+00', '2025-07-11 10:02:11.332001+00'),
('49', '49', '1218', '601912008', '0101000020E6100000C19CEADA28AA5E4086506BBB85AF2640', '2025-07-11 10:02:11.332001+00', '2025-07-11 10:02:11.332001+00'),
('50', '50', '1218', '601912007', '0101000020E6100000C7116BF129B95E40DCB6B5A6F5D42640', '2025-07-11 10:02:11.332001+00', '2025-07-11 10:02:11.332001+00'),
('51', '51', '1331', '601916006', '0101000020E6100000B6A1629CBFB55E4007637E4D5AEB2640', '2025-07-11 10:02:11.332001+00', '2025-07-11 10:02:11.332001+00'),
('52', '52', '1321', '601916007', '0101000020E61000005094DFFDCCB45E40DAB0E05DB2EC2640', '2025-07-11 10:02:11.332001+00', '2025-07-11 10:02:11.332001+00'),
('53', '53', '1312', '601916008', '0101000020E6100000F92CCF83BBB75E40BF823463D1D42640', '2025-07-11 10:02:11.332001+00', '2025-07-11 10:02:11.332001+00'),
('54', '54', '1318', '601916009', '0101000020E6100000BE9F1A2FDDB95E407C6A2F81DFD12640', '2025-07-11 10:02:11.332001+00', '2025-07-11 10:02:11.332001+00'),
('55', '55', '1317', '601916010', '0101000020E61000003F106AD061A95E4031231F68C3DB2640', '2025-07-11 10:02:11.332001+00', '2025-07-11 10:02:11.332001+00'),
('56', '56', '1348', '601917016', '0101000020E61000005194957032AA5E40973EAEEC06D62640', '2025-07-11 10:02:11.332001+00', '2025-07-11 10:02:11.332001+00'),
('57', '57', '1389', '601917017', '0101000020E6100000BB1D2B42FBA95E402D3ABC9478CA2640', '2025-07-11 10:02:11.332001+00', '2025-07-11 10:02:11.332001+00'),
('58', '58', '1345', '601917018', '0101000020E61000006F319AF026AB5E4011CBA0B9D2CD2640', '2025-07-11 10:02:11.332001+00', '2025-07-11 10:02:11.332001+00'),
('59', '59', '1369', '601917019', '0101000020E61000005E9C9DB1D4AA5E40D2D75ED1CED72640', '2025-07-11 10:02:11.332001+00', '2025-07-11 10:02:11.332001+00'),
('60', '60', '1378', '601917020', '0101000020E6100000B03DB32440A25E404B0BD10062852640', '2025-07-11 10:02:11.332001+00', '2025-07-11 10:02:11.332001+00'),
('61', '61', '2856', '603001003', '0101000020E6100000F0BD648888A75E40273108AC1C4A2640', '2025-07-11 10:02:11.332001+00', '2025-07-11 10:02:11.332001+00'),
('62', '62', '2865', '603001004', '0101000020E61000002F2D8FDAE9A65E40E357E68CAC4F2640', '2025-07-11 10:02:11.332001+00', '2025-07-11 10:02:11.332001+00'),
('63', '63', '2860', '603001005', '0101000020E6100000969C6E345BA75E400C022B8716412640', '2025-07-11 10:02:11.332001+00', '2025-07-11 10:02:11.332001+00'),
('64', '64', '2882', '603001006', '0101000020E610000079060DFD13A85E403D44A33B883D2640', '2025-07-11 10:02:11.332001+00', '2025-07-11 10:02:11.332001+00'),
('65', '65', '2843', '603001007', '0101000020E61000008FC70C54C6A85E405D6DC5FEB23B2640', '2025-07-11 10:02:11.332001+00', '2025-07-11 10:02:11.332001+00'),
('66', '66', '2418', '603001008', '0101000020E610000031CCAE20F2AE5E406EFAB31F29722640', '2025-07-11 10:02:11.332001+00', '2025-07-11 10:02:11.332001+00'),
('67', '67', '2413', '603001009', '0101000020E610000001C11C3D7EA95E4077D3B17368BF2540', '2025-07-11 10:02:11.332001+00', '2025-07-11 10:02:11.332001+00'),
('68', '68', '3054', '603001011', '0101000020E61000007F5E02017CAA5E402F76B11F18D02540', '2025-07-11 10:02:11.332001+00', '2025-07-11 10:02:11.332001+00'),
('69', '69', '3056', '603041002', '0101000020E61000006C97361C16AA5E406706D8E47CD32540', '2025-07-11 10:02:11.332001+00', '2025-07-11 10:02:11.332001+00'),
('70', '70', '3047', '603041003', '0101000020E610000028A14F3F03AA5E4078F2868772D82540', '2025-07-11 10:02:11.332001+00', '2025-07-11 10:02:11.332001+00'),
('71', '71', '2791', '603001014', '0101000020E6100000091BF9179CAA5E407AB4695312D92540', '2025-07-11 10:02:11.332001+00', '2025-07-11 10:02:11.332001+00'),
('72', '72', '2791', '603035015', '0101000020E610000093043CC49AAA5E402CD8E3111EE12540', '2025-07-11 10:02:11.332001+00', '2025-07-11 10:02:11.332001+00'),
('73', '73', '2794', '603001016', '0101000020E61000008E9834A124A95E40C3270073EBDB2540', '2025-07-11 10:02:11.332001+00', '2025-07-11 10:02:11.332001+00'),
('74', '74', '2803', '603001017', '0101000020E6100000F0AE6994E4A95E40E2D1DFAE0BE72540', '2025-07-11 10:02:11.332001+00', '2025-07-11 10:02:11.332001+00'),
('75', '75', '2809', '603001018', '0101000020E6100000EDD79DEE3CA95E403A0CBD305FEF2540', '2025-07-11 10:02:11.332001+00', '2025-07-11 10:02:11.332001+00'),
('76', '76', '2778', '603001019', '0101000020E6100000DD47C9062DA85E40B788BD8A6BE82540', '2025-07-11 10:02:11.332001+00', '2025-07-11 10:02:11.332001+00'),
('77', '77', '1552', '603001010', '0101000020E6100000B4E2C0502CA75E40D64CE75818DB2540', '2025-07-11 10:02:11.332001+00', '2025-07-11 10:02:11.332001+00'),
('78', '78', '1557', '603001020', '0101000020E6100000717D0EE239A75E4021D73CFD56BF2540', '2025-07-11 10:02:11.332001+00', '2025-07-11 10:02:11.332001+00'),
('79', '79', '2659', '603030012', '0101000020E6100000E06CCE1CEDA75E40AF899A229FBD2540', '2025-07-11 10:02:11.332001+00', '2025-07-11 10:02:11.332001+00'),
('80', '80', '2659', '603001013', '0101000020E6100000F1B2CB5C05A85E403EF3073D7AC72540', '2025-07-11 10:02:11.332001+00', '2025-07-11 10:02:11.332001+00'),
('81', '81', '3403', '604504001', '0101000020E61000006F6D3C339CBA5E405F5759FC22282540', '2025-07-11 10:02:11.332001+00', '2025-07-11 10:02:11.332001+00'),
('82', '82', '3401', '604504002', '0101000020E610000048B945AA39BA5E40DF1D535657222540', '2025-07-11 10:02:11.332001+00', '2025-07-11 10:02:11.332001+00'),
('83', '83', '3370', '604507001', '0101000020E6100000FBA996195BB75E407B9F0D6DBE0B2540', '2025-07-11 10:02:11.332001+00', '2025-07-11 10:02:11.332001+00'),
('84', '84', '3475', '604507002', '0101000020E61000003986B652BEB75E4004BA40930E122540', '2025-07-11 10:02:11.332001+00', '2025-07-11 10:02:11.332001+00'),
('85', '85', '3469', '604507017', '0101000020E61000006AB9D85919BA5E40370C303DAB102540', '2025-07-11 10:02:11.332001+00', '2025-07-11 10:02:11.332001+00'),
('86', '86', '3476', '604507019', '0101000020E61000003F0DCE96E2BB5E408F69126168262540', '2025-07-11 10:02:11.332001+00', '2025-07-11 10:02:11.332001+00'),
('87', '87', '3466', '604507020', '0101000020E6100000CCFBEE0C89B85E409F4A7AD63D052540', '2025-07-11 10:02:11.332001+00', '2025-07-11 10:02:11.332001+00'),
('88', '88', '3640', '604515011', '0101000020E61000008ADBB28D09CD5E40A0534E83BBF22540', '2025-07-11 10:02:11.332001+00', '2025-07-11 10:02:11.332001+00'),
('89', '89', '3641', '604515012', '0101000020E61000004705A96F74B25E404289279F44B92340', '2025-07-11 10:02:11.332001+00', '2025-07-11 10:02:11.332001+00'),
('90', '90', '3641', '604515013', '0101000020E61000000EFF44C0FCB45E408A592F8672022440', '2025-07-11 10:02:11.332001+00', '2025-07-11 10:02:11.332001+00'),
('91', '91', '3662', '604515014', '0101000020E6100000024125532A9A5E405FD218ADA3A22340', '2025-07-11 10:02:11.332001+00', '2025-07-11 10:02:11.332001+00'),
('92', '92', '3905', '604530001', '0101000020E61000004908FB1BD9B45E4093224B4983FB2440', '2025-07-11 10:02:11.332001+00', '2025-07-11 10:02:11.332001+00'),
('93', '93', '3914', '604530002', '0101000020E6100000AEAC7EB69FB45E408DC7F3B625F62440', '2025-07-11 10:02:11.332001+00', '2025-07-11 10:02:11.332001+00'),
('94', '94', '3907', '604530003', '0101000020E61000005171D2EA9AB55E40AF7D7D84CCE52440', '2025-07-11 10:02:11.332001+00', '2025-07-11 10:02:11.332001+00'),
('95', '95', '3919', '604532009', '0101000020E610000093EA96781BB65E40337CB8A29CE92440', '2025-07-11 10:02:11.332001+00', '2025-07-11 10:02:11.332001+00'),
('96', '96', '3375', '604532003', '0101000020E61000004398913042B65E408770276C9AEE2440', '2025-07-11 10:02:11.332001+00', '2025-07-11 10:02:11.332001+00'),
('97', '97', '3360', '604532004', '0101000020E6100000A80F6E7CB7B65E403040EC962EEA2440', '2025-07-11 10:02:11.332001+00', '2025-07-11 10:02:11.332001+00'),
('98', '98', '3358', '604532005', '0101000020E6100000554E7B4A4EB55E4029654AD2D2EE2440', '2025-07-11 10:02:11.332001+00', '2025-07-11 10:02:11.332001+00'),
('99', '99', '3370', '604532006', '0101000020E6100000395A7AD99BB65E40EC1660A3D5E42440', '2025-07-11 10:02:11.332001+00', '2025-07-11 10:02:11.332001+00'),
('100', '100', '3990', '607902002', '0101000020E61000004F0D8F5866A25E403B2219515E962640', '2025-07-11 10:02:11.332001+00', '2025-07-11 10:02:11.332001+00'),
('101', '101', '3993', '607902004', '0101000020E61000003B3D4A8075A15E40BCAE5FB01B962640', '2025-07-11 10:02:11.332001+00', '2025-07-11 10:02:11.332001+00'),
('102', '102', '3993', '607902005', '0101000020E6100000B06B200233A25E408B9DB667127A2640', '2025-07-11 10:02:11.332001+00', '2025-07-11 10:02:11.332001+00'),
('103', '103', '4003', '607902006', '0101000020E6100000F2BCAF25BFA15E40FAF202ECA3832640', '2025-07-11 10:02:11.332001+00', '2025-07-11 10:02:11.332001+00'),
('104', '104', '3999', '607902007', '0101000020E6100000B7C6B13F1AA65E40784D821696462540', '2025-07-11 10:02:11.332001+00', '2025-07-11 10:02:11.332001+00'),
('105', '105', '4017', '607903006', '0101000020E6100000704AD46677A65E404773A6016A452540', '2025-07-11 10:02:11.332001+00', '2025-07-11 10:02:11.332001+00'),
('106', '106', '4020', '607903007', '0101000020E6100000EDB36F93F6A25E4039388553EE2D2540', '2025-07-11 10:02:11.332001+00', '2025-07-11 10:02:11.332001+00'),
('107', '107', '4013', '607903008', '0101000020E6100000189EF24380A75E40E5750EAF352B2540', '2025-07-11 10:02:11.332001+00', '2025-07-11 10:02:11.332001+00'),
('108', '108', '4021', '607903009', '0101000020E61000000CC050D122A85E40589297906A312540', '2025-07-11 10:02:11.332001+00', '2025-07-11 10:02:11.332001+00'),
('109', '109', '4021', '607903010', '0101000020E6100000524C39BA25A45E409DDD73C363FF2440', '2025-07-11 10:02:11.332001+00', '2025-07-11 10:02:11.332001+00'),
('110', '110', '4029', '607904011', '0101000020E6100000BBE2F3D434A25E40839BB5A9F4E42440', '2025-07-11 10:02:11.332001+00', '2025-07-11 10:02:11.332001+00'),
('111', '111', '4035', '607904012', '0101000020E6100000C1B865D105A35E4096EC75DE08EF2440', '2025-07-11 10:02:11.332001+00', '2025-07-11 10:02:11.332001+00'),
('112', '112', '4035', '607904013', '0101000020E6100000804F62C64AA25E408060125763ED2440', '2025-07-11 10:02:11.332001+00', '2025-07-11 10:02:11.332001+00'),
('113', '113', '4031', '607904014', '0101000020E61000005E978686EAA25E40CF886FB425EB2440', '2025-07-11 10:02:11.332001+00', '2025-07-11 10:02:11.332001+00'),
('114', '114', '4027', '607904015', '0101000020E6100000159ADA08FAAC5E4039E0CA44D72C2540', '2025-07-11 10:02:11.332001+00', '2025-07-11 10:02:11.332001+00'),
('115', '115', '4027', '607904016', '0101000020E6100000A60815C124AC5E403FBA856C28182540', '2025-07-11 10:02:11.332001+00', '2025-07-11 10:02:11.332001+00'),
('116', '116', '4027', '607904017', '0101000020E610000002BFA14B93AA5E407233FD8EB80E2540', '2025-07-11 10:02:11.332001+00', '2025-07-11 10:02:11.332001+00'),
('117', '117', '4027', '607904018', '0101000020E6100000CDF055E105AD5E40277896623F382540', '2025-07-11 10:02:11.332001+00', '2025-07-11 10:02:11.332001+00'),
('118', '118', '4036', '607904019', '0101000020E610000076830DF475AB5E40B7FD5D658E0F2540', '2025-07-11 10:02:11.332001+00', '2025-07-11 10:02:11.332001+00'),
('119', '119', '4027', '607904020', '0101000020E6100000DEB5DF35C3AB5E40DBB3F85E8D4B2540', '2025-07-11 10:02:11.332001+00', '2025-07-11 10:02:11.332001+00');


