INSERT INTO public.seasons (id, year, sem) 
VALUES (1, 2024, '1'), (2, 2025, '1');


select public.create_seed_user(
  '60e5e84e-5d9e-425f-8fbb-e2672c944537',
  'romilie_taculin@humayapp.com',
  '$2a$12$6r60GZBWJOnXzN522JhSTeIRgP08QH4YluOOaG93AioDsPIkdAkH2',
  'Romilie Taculin',
  'Cabalfin',
  '1994-04-27',
  'data_collector'
);
select public.create_seed_user(
  '9971f3e0-df82-4a48-b367-c8b09c0402fa',
  'reynaldo_chavez@humayapp.com',
  '$2a$12$6r60GZBWJOnXzN522JhSTeIRgP08QH4YluOOaG93AioDsPIkdAkH2',
  'Reynaldo Chavez',
  'Filamo',
  '1966-08-01',
  'data_collector'
);
select public.create_seed_user(
  '6bb2a5f9-31a2-451b-a5d8-3787f642bd27',
  'clara_mae_doma@humayapp.com',
  '$2a$12$6r60GZBWJOnXzN522JhSTeIRgP08QH4YluOOaG93AioDsPIkdAkH2',
  'Clara Mae Doma',
  'Maido',
  '1999-02-13',
  'data_collector'
);
select public.create_seed_user(
  '52d345fe-ef3a-4ecc-84d6-ec5b85ff3ddc',
  'efren_desposado@humayapp.com',
  '$2a$12$6r60GZBWJOnXzN522JhSTeIRgP08QH4YluOOaG93AioDsPIkdAkH2',
  'Efren Desposado',
  'Embanecido',
  '1977-04-05',
  'data_collector'
);
select public.create_seed_user(
  '6e52ab6c-0b56-4822-ba85-55e1d43c3daf',
  'roselyn_sican@humayapp.com',
  '$2a$12$6r60GZBWJOnXzN522JhSTeIRgP08QH4YluOOaG93AioDsPIkdAkH2',
  'Roselyn Sican',
  'Ballescas',
  '1976-04-04',
  'data_collector'
);
select public.create_seed_user(
  '9cfc40b4-96ec-490b-9a77-95125fe60510',
  'jovelyn_tano@humayapp.com',
  '$2a$12$6r60GZBWJOnXzN522JhSTeIRgP08QH4YluOOaG93AioDsPIkdAkH2',
  'Jovelyn Tano',
  'Edisan',
  '1994-03-13',
  'data_collector'
);
select public.create_seed_user(
  'a6df7371-5212-40d9-b255-d03fa9a50fd5',
  'connie_gomia@humayapp.com',
  '$2a$12$6r60GZBWJOnXzN522JhSTeIRgP08QH4YluOOaG93AioDsPIkdAkH2',
  'Connie Gomia',
  'Logatiman',
  '1973-11-27',
  'data_collector'
);
select public.create_seed_user(
  'eeda11be-5094-4b8d-b818-8c5b472aa115',
  'andy_savillo@humayapp.com',
  '$2a$12$6r60GZBWJOnXzN522JhSTeIRgP08QH4YluOOaG93AioDsPIkdAkH2',
  'Andy Savillo',
  'Carampatana',
  '1978-07-06',
  'data_collector'
);
select public.create_seed_user(
  'a2e74af1-5f93-4a19-8d05-47041db5c88d',
  'djohana_magbanua@humayapp.com',
  '$2a$12$6r60GZBWJOnXzN522JhSTeIRgP08QH4YluOOaG93AioDsPIkdAkH2',
  'Djohana Magbanua',
  'Ricaplaza',
  '1995-07-06',
  'data_collector'
);
select public.create_seed_user(
  '749a67ec-fffb-4465-840f-e2e6be337abe',
  'procesa_ejudo@humayapp.com',
  '$2a$12$6r60GZBWJOnXzN522JhSTeIRgP08QH4YluOOaG93AioDsPIkdAkH2',
  'Procesa Ejudo',
  'Gamarcha',
  '1961-07-02',
  'data_collector'
);
select public.create_seed_user(
  'd6b4cbe4-2ea2-4669-9b7a-7e54fa9f074f',
  'teodolfo_espartero@humayapp.com',
  '$2a$12$6r60GZBWJOnXzN522JhSTeIRgP08QH4YluOOaG93AioDsPIkdAkH2',
  'Teodolfo Espartero',
  'Gindap',
  '1970-03-23',
  'data_collector'
);
select public.create_seed_user(
  '1b57063b-43e9-43aa-a8c8-ceb23f2cdddb',
  'rishel_miguel@humayapp.com',
  '$2a$12$6r60GZBWJOnXzN522JhSTeIRgP08QH4YluOOaG93AioDsPIkdAkH2',
  'Rishel Miguel',
  'Osorio',
  '1993-01-24',
  'data_collector'
);
select public.create_seed_user(
  '9b2fd7c1-53a6-4a34-95d1-97a5875a1c15',
  'eulito_bolivar@humayapp.com',
  '$2a$12$6r60GZBWJOnXzN522JhSTeIRgP08QH4YluOOaG93AioDsPIkdAkH2',
  'Eulito Bolivar',
  'Vidal',
  '1974-10-15',
  'data_collector'
);
select public.create_seed_user(
  '7b8dc85d-84fa-4113-bb26-e229b228c693',
  'armando_divino@humayapp.com',
  '$2a$12$6r60GZBWJOnXzN522JhSTeIRgP08QH4YluOOaG93AioDsPIkdAkH2',
  'Armando Divino',
  'Arguelles',
  '1996-07-10',
  'data_collector'
);
select public.create_seed_user(
  '1758c389-c41e-4057-9ee9-381bef00daf0',
  'sheryl_gregorio@humayapp.com',
  '$2a$12$6r60GZBWJOnXzN522JhSTeIRgP08QH4YluOOaG93AioDsPIkdAkH2',
  'Sheryl Gregorio',
  'Campaniel',
  '1980-03-21',
  'data_collector'
);
select public.create_seed_user(
  '548f0619-63ed-4e78-8cfb-0ccca097a400',
  'vanissa_mae_camilan@humayapp.com',
  '$2a$12$6r60GZBWJOnXzN522JhSTeIRgP08QH4YluOOaG93AioDsPIkdAkH2',
  'Vanissa Mae Camilan',
  'Ebron',
  '1998-05-05',
  'data_collector'
);
select public.create_seed_user(
  '0fe4b652-0471-4e67-95ff-6823facf6d98',
  'lailyn_badayos@humayapp.com',
  '$2a$12$6r60GZBWJOnXzN522JhSTeIRgP08QH4YluOOaG93AioDsPIkdAkH2',
  'Lailyn Badayos',
  'Arangga',
  '1965-09-27',
  'data_collector'
);
select public.create_seed_user(
  '579385c0-bbcc-4a75-9b51-7b35c655c77e',
  'nimrod_olac@humayapp.com',
  '$2a$12$6r60GZBWJOnXzN522JhSTeIRgP08QH4YluOOaG93AioDsPIkdAkH2',
  'Nimrod Olac',
  'Cañedo',
  '1991-11-28',
  'data_collector'
);
select public.create_seed_user(
  '878ba0dd-71e5-4dac-bc05-f54aad2c582c',
  'ruvin_ray_tacadao@humayapp.com',
  '$2a$12$6r60GZBWJOnXzN522JhSTeIRgP08QH4YluOOaG93AioDsPIkdAkH2',
  'Ruvin Ray Tacadao',
  'Galas',
  '1992-01-17',
  'data_collector'
);
select public.create_seed_user(
  'eeb9c881-b8cd-4d2b-ae01-989947a86e1a',
  'fe_malabanan@humayapp.com',
  '$2a$12$6r60GZBWJOnXzN522JhSTeIRgP08QH4YluOOaG93AioDsPIkdAkH2',
  'Fe Malabanan',
  'Pollentes',
  '1962-08-01',
  'data_collector'
);
select public.create_seed_user(
  '2878fd73-539b-4583-8cbb-371a58ce6251',
  'ma_fe_pollentes@humayapp.com',
  '$2a$12$6r60GZBWJOnXzN522JhSTeIRgP08QH4YluOOaG93AioDsPIkdAkH2',
  'Ma. Fe Pollentes',
  'Escorpiso',
  '1962-02-06',
  'data_collector'
);

insert into public.farmers 
  (
    id,
    first_name,
    last_name,
    gender,
    date_of_birth,
    cellphone_no,
    created_at,
    updated_at
  )
values (
    '1',
    'Sermundo',
    'Conanan',
    'male',
    '1951-09-30',
    '09108744791',
    '2025-07-09 08:28:55.000431+00',
    '2025-07-09 08:28:55.000431+00'),
(
    '2',
    'Marilou',
    'Solano',
    'male',
    '1958-04-29',
    '09614859975',
    '2025-07-09 08:28:55.000431+00',
    '2025-07-09 08:28:55.000431+00'
),
(
    '3',
    'Eleserio',
    'Aguelo',
    'male',
    '1956-11-06',
    '09185820602',
    '2025-07-09 08:28:55.000431+00',
    '2025-07-09 08:28:55.000431+00'),
(
    '4',
    'Bobby',
    'Lachica',
    'male',
    '1963-01-15',
    '09460232353',
    '2025-07-09 08:28:55.000431+00',
    '2025-07-09 08:28:55.000431+00'),
(
    '5',
    'Jan',
    'Gelito',
    'male',
    '1976-03-01',
    '09511356468',
    '2025-07-09 08:28:55.000431+00',
    '2025-07-09 08:28:55.000431+00'),
(
    '6',
    'Ronald',
    'Feliciano',
    'male',
    '1940-07-08',
    '09303742124',
    '2025-07-09 08:28:55.000431+00',
    '2025-07-09 08:28:55.000431+00'),
(
    '7',
    'Clyte',
    'Gervacio',
    'male',
    '1951-09-30',
    '09098196395',
    '2025-07-09 08:28:55.000431+00',
    '2025-07-09 08:28:55.000431+00'),
(
    '8',
    'Rodel',
    'Guarino',
    'male',
    '1962-11-18',
    '09099525093',
    '2025-07-09 08:28:55.000431+00',
    '2025-07-09 08:28:55.000431+00'),
(
    '9',
    'Jomar',
    'Onayan',
    'male',
    '1972-12-02',
    '09484117092',
    '2025-07-09 08:28:55.000431+00',
    '2025-07-09 08:28:55.000431+00'),
(
    '10',
    'Isidro',
    'Felizardo',
    'male',
    '1956-05-16',
    '09512156808',
    '2025-07-09 08:28:55.000431+00',
    '2025-07-09 08:28:55.000431+00'),
(
    '11',
    'Teodulfo',
    'Icawalo',
    'male',
    '1951-09-12',
    '09514872700',
    '2025-07-09 08:28:55.000431+00',
    '2025-07-09 08:28:55.000431+00'),
(
    '12',
    'Godofredo',
    'Yarre Jr.',
    'male',
    '1966-08-18',
    '09984555624',
    '2025-07-09 08:28:55.000431+00',
    '2025-07-09 08:28:55.000431+00'),
(
    '13',
    'Dionesia',
    'Igmasin',
    'female',
    '1971-05-15',
    '09307884027',
    '2025-07-09 08:28:55.000431+00',
    '2025-07-09 08:28:55.000431+00'),
(
    '14',
    'Dionesio',
    'Dela Cruz',
    'male',
    '1949-05-20',
    '09073813024',
    '2025-07-09 08:28:55.000431+00',
    '2025-07-09 08:28:55.000431+00'),
(
    '15',
    'Bonifacio',
    'Tandugon',
    'male',
    '1963-11-23',
    '09203984984',
    '2025-07-09 08:28:55.000431+00',
    '2025-07-09 08:28:55.000431+00'),
(
    '16',
    'Rowina',
    'Villaruel',
    'female',
    '1972-08-24',
    '09486336520',
    '2025-07-09 08:28:55.000431+00',
    '2025-07-09 08:28:55.000431+00'),
(
    '17',
    'Eulito',
    'Vidal',
    'male',
    '1974-10-15',
    '09192120702',
    '2025-07-09 08:28:55.000431+00',
    '2025-07-09 08:28:55.000431+00'),
(
    '18',
    'Emmanuel',
    'Tolentino',
    'male',
    '1982-04-07',
    '09192849193',
    '2025-07-09 08:28:55.000431+00',
    '2025-07-09 08:28:55.000431+00'),
(
    '19',
    'Merlinda',
    'Tonic',
    'female',
    '1966-07-08',
    '09100075744',
    '2025-07-09 08:28:55.000431+00',
    '2025-07-09 08:28:55.000431+00'),
(
    '20',
    'Felicito',
    'De Hapin',
    'male',
    '1972-01-22',
    '09999446831',
    '2025-07-09 08:28:55.000431+00',
    '2025-07-09 08:28:55.000431+00'),
(
    '21',
    'Randy',
    'Abello',
    'male',
    '1986-03-10',
    '09303742124',
    '2025-07-09 08:28:55.000431+00',
    '2025-07-09 08:28:55.000431+00'),
(
    '22',
    'Jeanette',
    'Palawan',
    'female',
    '1988-01-11',
    '09999446831',
    '2025-07-09 08:28:55.000431+00',
    '2025-07-09 08:28:55.000431+00'),
(
    '23',
    'Benny',
    'Bonifacio',
    'male',
    '1968-07-07',
    '09177148364',
    '2025-07-09 08:28:55.000431+00',
    '2025-07-09 08:28:55.000431+00'),
(
    '24',
    'Jeremias',
    'Badoy',
    'male',
    '1950-03-10',
    '09552584672',
    '2025-07-09 08:28:55.000431+00',
    '2025-07-09 08:28:55.000431+00'),
(
    '25',
    'Agosto',
    'Canja',
    'male',
    '1952-03-04',
    '09363823228',
    '2025-07-09 08:28:55.000431+00',
    '2025-07-09 08:28:55.000431+00'),
(
    '26',
    'Wenefredo',
    'Pachicoy',
    'male',
    '1961-03-10',
    '09554670460',
    '2025-07-09 08:28:55.000431+00',
    '2025-07-09 08:28:55.000431+00'),
(
    '27',
    'Amie',
    'Tibang',
    'female',
    '1952-09-16',
    '09093581044',
    '2025-07-09 08:28:55.000431+00',
    '2025-07-09 08:28:55.000431+00'),
(
    '28',
    'April',
    'Rose Parinasan',
    'female',
    '1966-04-12',
    '09388765433',
    '2025-07-09 08:28:55.000431+00',
    '2025-07-09 08:28:55.000431+00'),
(
    '29',
    'Reynaldo',
    'Filamo',
    'male',
    '1966-09-01',
    '09394999583',
    '2025-07-09 08:28:55.000431+00',
    '2025-07-09 08:28:55.000431+00'),
(
    '30',
    'Adella',
    'Jumagbas',
    'male',
    '1963-09-14',
    '09398476327',
    '2025-07-09 08:28:55.000431+00',
    '2025-07-09 08:28:55.000431+00'),
(
    '31',
    'Ruperto',
    'Sendin',
    'male',
    '1963-09-14',
    '09973028679',
    '2025-07-09 08:28:55.000431+00',
    '2025-07-09 08:28:55.000431+00'),
(
    '32',
    'Armando',
    'Salinog',
    'male',
    '1981-12-05',
    '09065192885',
    '2025-07-09 08:28:55.000431+00',
    '2025-07-09 08:28:55.000431+00'),
(
    '33',
    'Pablo',
    'Juada',
    'male',
    '1958-08-09',
    '09067826768',
    '2025-07-09 08:28:55.000431+00',
    '2025-07-09 08:28:55.000431+00'),
(
    '34',
    'Rafael',
    'Omayana',
    'male',
    '1968-11-12',
    '09051438752',
    '2025-07-09 08:28:55.000431+00',
    '2025-07-09 08:28:55.000431+00'),
(
    '35',
    'Tomas',
    'Montero',
    'male',
    '1957-06-15',
    '09654984156',
    '2025-07-09 08:28:55.000431+00',
    '2025-07-09 08:28:55.000431+00'),
(
    '36',
    'Sofia',
    'Sabug',
    'female',
    '1953-04-01',
    '09175434462',
    '2025-07-09 08:28:55.000431+00',
    '2025-07-09 08:28:55.000431+00'),
(
    '37',
    'Jose',
    'Obasan',
    'male',
    '1962-10-16',
    '09272933586',
    '2025-07-09 08:28:55.000431+00',
    '2025-07-09 08:28:55.000431+00'),
(
    '38',
    'Anacito',
    'Josue',
    'male',
    '1968-04-17',
    '09525080484',
    '2025-07-09 08:28:55.000431+00',
    '2025-07-09 08:28:55.000431+00'),
(
    '39',
    'Medardo',
    'Rubite',
    'male',
    '1959-09-30',
    '09368997949',
    '2025-07-09 08:28:55.000431+00',
    '2025-07-09 08:28:55.000431+00'),
(
    '40',
    'Anavelia',
    'Cubon',
    'female',
    '1950-06-27',
    '09052884426',
    '2025-07-09 08:28:55.000431+00',
    '2025-07-09 08:28:55.000431+00'),
(
    '41',
    'Santiago',
    'Palonpon',
    'male',
    '1961-04-03',
    '09073689078',
    '2025-07-09 08:28:55.000431+00',
    '2025-07-09 08:28:55.000431+00'),
(
    '42',
    'Virgie',
    'Bantiquete',
    'female',
    '1965-01-20',
    '09291426109',
    '2025-07-09 08:28:55.000431+00',
    '2025-07-09 08:28:55.000431+00'),
(
    '43',
    'Amalia',
    'Francisco',
    'female',
    '1968-03-09',
    '09999256874',
    '2025-07-09 08:28:55.000431+00',
    '2025-07-09 08:28:55.000431+00'),
(
    '44',
    'Marilyn',
    'Reymundo',
    'female',
    '1964-12-23',
    '09109413687',
    '2025-07-09 08:28:55.000431+00',
    '2025-07-09 08:28:55.000431+00'),
(
    '45',
    'Vicente',
    'Daniel Jr.',
    'male',
    '1973-05-08',
    '09309126200',
    '2025-07-09 08:28:55.000431+00',
    '2025-07-09 08:28:55.000431+00'),
(
    '46',
    'Esperanza',
    'Marcelo',
    'female',
    '1973-01-08',
    '09123888349',
    '2025-07-09 08:28:55.000431+00',
    '2025-07-09 08:28:55.000431+00'),
(
    '47',
    'Valentin',
    'Contreras',
    'male',
    '1987-02-14',
    '09199524738',
    '2025-07-09 08:28:55.000431+00',
    '2025-07-09 08:28:55.000431+00'),
(
    '48',
    'Arturo',
    'Billones',
    'male',
    '1966-11-11',
    '09388843344',
    '2025-07-09 08:28:55.000431+00',
    '2025-07-09 08:28:55.000431+00'),
(
    '49',
    'Edna',
    'Ernesto',
    'female',
    '1961-05-01',
    '09071042416',
    '2025-07-09 08:28:55.000431+00',
    '2025-07-09 08:28:55.000431+00'),
(
    '50',
    'Merlita',
    'Benedicto',
    'female',
    '1965-06-28',
    '09071042416',
    '2025-07-09 08:28:55.000431+00',
    '2025-07-09 08:28:55.000431+00'),
(
    '51',
    'Melchor',
    'Batuigas',
    'male',
    '1974-01-06',
    '09388831304',
    '2025-07-09 08:28:55.000431+00',
    '2025-07-09 08:28:55.000431+00'),
(
    '52',
    'Ramon',
    'Bendoy',
    'male',
    '1965-08-11',
    '09129779831',
    '2025-07-09 08:28:55.000431+00',
    '2025-07-09 08:28:55.000431+00'),
(
    '53',
    'Angie',
    'Gacer',
    'female',
    '1950-08-25',
    '09101788258',
    '2025-07-09 08:28:55.000431+00',
    '2025-07-09 08:28:55.000431+00'),
(
    '54',
    'Ramonito',
    'Durana',
    'male',
    '1977-02-20',
    '09487755720',
    '2025-07-09 08:28:55.000431+00',
    '2025-07-09 08:28:55.000431+00'),
(
    '55',
    'Daniel',
    'Aplasca',
    'male',
    '1975-02-06',
    '09151180056',
    '2025-07-09 08:28:55.000431+00',
    '2025-07-09 08:28:55.000431+00'),
(
    '56',
    'Lumar',
    'Pardola',
    'male',
    '1962-02-20',
    '09105088631',
    '2025-07-09 08:28:55.000431+00',
    '2025-07-09 08:28:55.000431+00'),
(
    '57',
    'Eden',
    'Ganzon',
    'male',
    '1977-04-15',
    '09287675517',
    '2025-07-09 08:28:55.000431+00',
    '2025-07-09 08:28:55.000431+00'),
(
    '58',
    'Antonio',
    'Guirhem',
    'male',
    '1978-06-13',
    '09356190113',
    '2025-07-09 08:28:55.000431+00',
    '2025-07-09 08:28:55.000431+00'),
(
    '59',
    'Ana',
    'San Felix',
    'female',
    '1953-01-10',
    '09286296421',
    '2025-07-09 08:28:55.000431+00',
    '2025-07-09 08:28:55.000431+00'),
(
    '60',
    'Gregorio',
    'Gasis',
    'male',
    '1964-07-04',
    '09993039699',
    '2025-07-09 08:28:55.000431+00',
    '2025-07-09 08:28:55.000431+00'),
(
    '61',
    'Ildefonso',
    'Praile',
    'male',
    '1963-01-23',
    '09493170216',
    '2025-07-09 08:28:55.000431+00',
    '2025-07-09 08:28:55.000431+00'),
(
    '62',
    'Lilibeth',
    'Sotrina',
    'female',
    '1974-02-04',
    '09612729797',
    '2025-07-09 08:28:55.000431+00',
    '2025-07-09 08:28:55.000431+00'),
(
    '63',
    'Joelito',
    'Buenafe',
    'male',
    '1958-01-26',
    '09289502594',
    '2025-07-09 08:28:55.000431+00',
    '2025-07-09 08:28:55.000431+00'),
(
    '64',
    'Jerry',
    'Gonzales',
    'male',
    '1971-03-31',
    '09199920442',
    '2025-07-09 08:28:55.000431+00',
    '2025-07-09 08:28:55.000431+00'),
(
    '65',
    'Mary',
    'Joy Babor',
    'female',
    '1973-09-10',
    '09196748014',
    '2025-07-09 08:28:55.000431+00',
    '2025-07-09 08:28:55.000431+00'),
(
    '66',
    'Alfredo',
    'Ballener',
    'male',
    '1955-08-29',
    '09214511997',
    '2025-07-09 08:28:55.000431+00',
    '2025-07-09 08:28:55.000431+00'),
(
    '67',
    'Levy',
    'Cacho',
    'female',
    '1966-11-14',
    '00966771876',
    '2025-07-09 08:28:55.000431+00',
    '2025-07-09 08:28:55.000431+00'),
(
    '68',
    'Warlito',
    'Suelon',
    'male',
    '1968-03-25',
    '00936238448',
    '2025-07-09 08:28:55.000431+00',
    '2025-07-09 08:28:55.000431+00'),
(
    '69',
    'Abdolia',
    'Belga',
    'female',
    '1957-09-06',
    '09122721313',
    '2025-07-09 08:28:55.000431+00',
    '2025-07-09 08:28:55.000431+00'),
(
    '70',
    'Baldomero',
    'Barzuela',
    'male',
    '1956-12-23',
    '09473878078',
    '2025-07-09 08:28:55.000431+00',
    '2025-07-09 08:28:55.000431+00'),
(
    '71',
    'Selfa',
    'Panisa',
    'female',
    '1950-09-11',
    '09127222176',
    '2025-07-09 08:28:55.000431+00',
    '2025-07-09 08:28:55.000431+00'),
(
    '72',
    'Helinda',
    'Cadenas',
    'female',
    '1963-08-07',
    '09663771876',
    '2025-07-09 08:28:55.000431+00',
    '2025-07-09 08:28:55.000431+00'),
(
    '73',
    'Melba',
    'Palma',
    'female',
    '1974-02-04',
    '09507691617',
    '2025-07-09 08:28:55.000431+00',
    '2025-07-09 08:28:55.000431+00'),
(
    '74',
    'Lina',
    'Pamplona',
    'female',
    '1955-08-14',
    '09569340407',
    '2025-07-09 08:28:55.000431+00',
    '2025-07-09 08:28:55.000431+00'),
(
    '75',
    'Evelyn',
    'Regacho',
    'female',
    '1967-09-11',
    '09051751671',
    '2025-07-09 08:28:55.000431+00',
    '2025-07-09 08:28:55.000431+00'),
(
    '76',
    'Rogelio',
    'Panes',
    'male',
    '1942-02-10',
    '09302049573',
    '2025-07-09 08:28:55.000431+00',
    '2025-07-09 08:28:55.000431+00'),
(
    '77',
    'Efren',
    'Castañeda',
    'male',
    '1959-04-20',
    '09499007875',
    '2025-07-09 08:28:55.000431+00',
    '2025-07-09 08:28:55.000431+00'),
(
    '78',
    'Joerito',
    'Boglosa',
    'male',
    '1963-12-28',
    '09093798733',
    '2025-07-09 08:28:55.000431+00',
    '2025-07-09 08:28:55.000431+00'),
(
    '79',
    'Jesus',
    'Pitallos',
    'male',
    '1963-01-24',
    '09355873171',
    '2025-07-09 08:28:55.000431+00',
    '2025-07-09 08:28:55.000431+00'),
(
    '80',
    'Santos',
    'Finalla',
    'male',
    '1986-11-02',
    '09150730592',
    '2025-07-09 08:28:55.000431+00',
    '2025-07-09 08:28:55.000431+00'),
(
    '81',
    'Radino',
    'Divinigracia',
    'male',
    '1960-11-22',
    '09365234947',
    '2025-07-09 08:28:55.000431+00',
    '2025-07-09 08:28:55.000431+00'),
(
    '82',
    'Alma',
    'Elinon',
    'female',
    '1963-03-20',
    '09858157813',
    '2025-07-09 08:28:55.000431+00',
    '2025-07-09 08:28:55.000431+00'),
(
    '83',
    'Ricky',
    'Flores',
    'male',
    '1968-07-25',
    '09933866251',
    '2025-07-09 08:28:55.000431+00',
    '2025-07-09 08:28:55.000431+00'),
(
    '84',
    'Leonardo',
    'Sison Jr.',
    'male',
    '1977-06-28',
    '09493696621',
    '2025-07-09 08:28:55.000431+00',
    '2025-07-09 08:28:55.000431+00'),
(
    '85',
    'Angelito',
    'Magallanes',
    'male',
    '1972-05-09',
    '09185931754',
    '2025-07-09 08:28:55.000431+00',
    '2025-07-09 08:28:55.000431+00'),
(
    '86',
    'Marina',
    'Geraldoy',
    'female',
    '1958-01-14',
    '09178808165',
    '2025-07-09 08:28:55.000431+00',
    '2025-07-09 08:28:55.000431+00'),
(
    '87',
    'Teresita',
    'Gavilan',
    'female',
    '1964-05-13',
    '09469966782',
    '2025-07-09 08:28:55.000431+00',
    '2025-07-09 08:28:55.000431+00'),
(
    '88',
    'Arturo',
    'Dojoles Sr.',
    'male',
    '1960-06-01',
    '09703339716',
    '2025-07-09 08:28:55.000431+00',
    '2025-07-09 08:28:55.000431+00'),
(
    '89',
    'Charles',
    'Martir',
    'male',
    '1969-01-06',
    '09502941159',
    '2025-07-09 08:28:55.000431+00',
    '2025-07-09 08:28:55.000431+00'),
(
    '90',
    'Sally',
    'Tituag',
    'female',
    '1967-01-04',
    '09517698448',
    '2025-07-09 08:28:55.000431+00',
    '2025-07-09 08:28:55.000431+00'),
(
    '91',
    'Felix',
    'Garal',
    'male',
    '1960-05-19',
    '09482578612',
    '2025-07-09 08:28:55.000431+00',
    '2025-07-09 08:28:55.000431+00'),
(
    '92',
    'Laydee',
    'Discaya',
    'female',
    '1963-10-31',
    '09489538824',
    '2025-07-09 08:28:55.000431+00',
    '2025-07-09 08:28:55.000431+00'),
(
    '93',
    'Arnold',
    'Ortibano',
    'male',
    '1971-12-11',
    '09109757336',
    '2025-07-09 08:28:55.000431+00',
    '2025-07-09 08:28:55.000431+00'),
(
    '94',
    'Alex',
    'Vergara',
    'male',
    '1970-01-24',
    '09489538824',
    '2025-07-09 08:28:55.000431+00',
    '2025-07-09 08:28:55.000431+00'),
(
    '95',
    'Leonardo',
    'Graellos',
    'male',
    '1964-09-01',
    '09462347317',
    '2025-07-09 08:28:55.000431+00',
    '2025-07-09 08:28:55.000431+00'),
(
    '96',
    'Lolita',
    'Cardinal',
    'female',
    '1957-04-24',
    '09194319044',
    '2025-07-09 08:28:55.000431+00',
    '2025-07-09 08:28:55.000431+00'),
(
    '97',
    'Joey',
    'Mission',
    'male',
    '1964-01-12',
    '09121023590',
    '2025-07-09 08:28:55.000431+00',
    '2025-07-09 08:28:55.000431+00'),
(
    '98',
    'Mario',
    'Cetera',
    'male',
    '1974-05-01',
    '09120215301',
    '2025-07-09 08:28:55.000431+00',
    '2025-07-09 08:28:55.000431+00'),
(
    '99',
    'Raul',
    'Alvarez',
    'male',
    '1968-01-20',
    '09071715807',
    '2025-07-09 08:28:55.000431+00',
    '2025-07-09 08:28:55.000431+00'),
(
    '100',
    'Teresita',
    'Gallentes',
    'female',
    '1950-06-01',
    '09966962881',
    '2025-07-09 08:28:55.000431+00',
    '2025-07-09 08:28:55.000431+00'),
(
    '101',
    'Prosie',
    'Misme',
    'female',
    '1954-10-24',
    '09392602131',
    '2025-07-09 08:28:55.000431+00',
    '2025-07-09 08:28:55.000431+00'),
(
    '102',
    'Salvacion',
    'Gania',
    'female',
    '1962-05-16',
    '09651685258',
    '2025-07-09 08:28:55.000431+00',
    '2025-07-09 08:28:55.000431+00'),
(
    '103',
    'Renante',
    'Santocildes',
    'male',
    '1975-11-13',
    '09649416739',
    '2025-07-09 08:28:55.000431+00',
    '2025-07-09 08:28:55.000431+00'),
(
    '104',
    'Jonathan',
    'Yanguas',
    'male',
    '1971-08-11',
    '00963419001',
    '2025-07-09 08:28:55.000431+00',
    '2025-07-09 08:28:55.000431+00'),
(
    '105',
    'Helen',
    'Gedalanga',
    'female',
    '1967-07-11',
    '09091573648',
    '2025-07-09 08:28:55.000431+00',
    '2025-07-09 08:28:55.000431+00'),
(
    '106',
    'Rogelio',
    'Norico',
    'male',
    '1952-05-28',
    '09098779230',
    '2025-07-09 08:28:55.000431+00',
    '2025-07-09 08:28:55.000431+00'),
(
    '107',
    'Joseph',
    'Camilao',
    'male',
    '1970-03-28',
    '09630357592',
    '2025-07-09 08:28:55.000431+00',
    '2025-07-09 08:28:55.000431+00'),
(
    '108',
    'Leopoldo',
    'Toledano Jr.',
    'male',
    '1982-11-11',
    '09124748244',
    '2025-07-09 08:28:55.000431+00',
    '2025-07-09 08:28:55.000431+00'),
(
    '109',
    'Joiny',
    'Gaurana',
    'male',
    '1955-09-28',
    '09105398791',
    '2025-07-09 08:28:55.000431+00',
    '2025-07-09 08:28:55.000431+00'),
(
    '110',
    'Hipolito',
    'Tajolosa',
    'male',
    '1985-01-30',
    '09636238448',
    '2025-07-09 08:28:55.000431+00',
    '2025-07-09 08:28:55.000431+00'),
(
    '111',
    'Lerma',
    'Vargas',
    'female',
    '1975-01-15',
    '09668604092',
    '2025-07-09 08:28:55.000431+00',
    '2025-07-09 08:28:55.000431+00'),
(
    '112',
    'Procesa',
    'Gamarcha',
    'female',
    '1961-07-02',
    '09171589053',
    '2025-07-09 08:28:55.000431+00',
    '2025-07-09 08:28:55.000431+00'),
(
    '113',
    'Sebastian',
    'Pollentes',
    'male',
    '1957-09-26',
    '09059035187',
    '2025-07-09 08:28:55.000431+00',
    '2025-07-09 08:28:55.000431+00'),
(
    '114',
    'Ma.',
    'Fe Escorpiso',
    'female',
    '1962-06-02',
    '09497649956',
    '2025-07-09 08:28:55.000431+00',
    '2025-07-09 08:28:55.000431+00'),
(
    '115',
    'Ronald',
    'Zaragosa',
    'male',
    '1980-05-22',
    '09979178311',
    '2025-07-09 08:28:55.000431+00',
    '2025-07-09 08:28:55.000431+00'),
(
    '116',
    'Dimas',
    'Garganera',
    'male',
    '1963-10-03',
    '09484774855',
    '2025-07-09 08:28:55.000431+00',
    '2025-07-09 08:28:55.000431+00'),
(
    '117',
    'Gemma',
    'Recabar',
    'female',
    '1964-11-17',
    '09304758640',
    '2025-07-09 08:28:55.000431+00',
    '2025-07-09 08:28:55.000431+00'),
(
    '118',
    'Pachito',
    'Quezon',
    'male',
    '1965-03-28',
    '09198305705',
    '2025-07-09 08:28:55.000431+00',
    '2025-07-09 08:28:55.000431+00'),
(
    '119',
    'Ruby',
    'Joy Galas',
    'female',
    '1959-11-16',
    '09178719315',
    '2025-07-09 08:28:55.000431+00',
    '2025-07-09 08:28:55.000431+00'
);



insert into public.fields
(
  id,
  farmer_id,
  barangay_id,
  mfid,
  location,
  created_at,
  updated_at
)
values ('1','1','94','600401001',
        '0101000020E61000003288B43286A15E40FA6D8080520C2740',
        '2025-07-09 12:55:10.679099+00','2025-07-09 12:55:10.679099+00'),
       ('2','2','90','600406002',
        '0101000020E6100000A010A6CD5DA05E4010CDFA9CD40C2740',
        '2025-07-09 12:55:10.679099+00','2025-07-09 12:55:10.679099+00'),
       ('3','3','109','600401003',
        '0101000020E6100000249D819117895E404DC29ED9229D2740',
        '2025-07-09 12:55:10.679099+00','2025-07-09 12:55:10.679099+00'),
       ('4','4','123','600401004',
        '0101000020E6100000EB79ED88798A5E405E60B9528D8E2740',
        '2025-07-09 12:55:10.679099+00','2025-07-09 12:55:10.679099+00'),
       ('5','5','101','600401005',
        '0101000020E6100000344D3338258A5E407367E4FBFB952740',
        '2025-07-09 12:55:10.679099+00','2025-07-09 12:55:10.679099+00'),
       ('6','6','1','600401017',
        '0101000020E6100000568F45E485A15E40EBE70B29580C2740',
        '2025-07-09 12:55:10.679099+00','2025-07-09 12:55:10.679099+00'),
       ('7','7','10','600401018',
        '0101000020E6100000D6F555035EA05E40DDC34E46CF0C2740',
        '2025-07-09 12:55:10.679099+00','2025-07-09 12:55:10.679099+00'),
       ('8','8','2','600401019',
        '0101000020E61000009AB67F65259E5E40300E703945122740',
        '2025-07-09 12:55:10.679099+00','2025-07-09 12:55:10.679099+00'),
       ('9','9','8','600401020',
        '0101000020E6100000239E91AD539E5E408F5951DE22152740',
        '2025-07-09 12:55:10.679099+00','2025-07-09 12:55:10.679099+00'),
       ('10','10','1','600401022',
        '0101000020E6100000F75D6CB5629C5E404C15319177132740',
        '2025-07-09 12:55:10.679099+00','2025-07-09 12:55:10.679099+00'),
       ('11','11','258','600401006',
        '0101000020E6100000AF78EA9186A15E4059CE948C520C2740'
        ,'2025-07-09 12:55:10.679099+00','2025-07-09 12:55:10.679099+00'),
       ('12','12','246','600401007',
        '0101000020E610000054D5BAC35CA05E4010977730BD0C2740'
        ,'2025-07-09 12:55:10.679099+00','2025-07-09 12:55:10.679099+00'),
       ('13','13','243','600413008',
        '0101000020E610000021600894289E5E407AD9C06735122740'
        ,'2025-07-09 12:55:10.679099+00','2025-07-09 12:55:10.679099+00'),
       ('14','14','253','600413009',
        '0101000020E610000074513E4E629C5E4061F426D071132740'
        ,'2025-07-09 12:55:10.679099+00','2025-07-09 12:55:10.679099+00'),
       ('15','15','238','600413010',
        '0101000020E610000056E3B6C79C9E5E40DD9B3AEA430E2740'
        ,'2025-07-09 12:55:10.679099+00','2025-07-09 12:55:10.679099+00'),
       ('16','16','289','600415011',
        '0101000020E6100000EE63607880975E40ADACC8433A552740'
        ,'2025-07-09 12:55:10.679099+00','2025-07-09 12:55:10.679099+00'),
       ('17','17','285','600415012',
        '0101000020E6100000652195BD00985E40DEC2A1544E512740'
        ,'2025-07-09 12:55:10.679099+00','2025-07-09 12:55:10.679099+00'),
       ('18','18','294','600415013',
        '0101000020E61000001397885C15985E40D0BBCA3DD14B2740'
        ,'2025-07-09 12:55:10.679099+00','2025-07-09 12:55:10.679099+00'),
       ('19','19','284','600415014',
        '0101000020E6100000E269430FC6985E400C6DE7987F482740'
        ,'2025-07-09 12:55:10.679099+00','2025-07-09 12:55:10.679099+00'),
       ('20','20','280','600415015',
        '0101000020E610000095F9A29897985E40A66A928A8C432740'
        ,'2025-07-09 12:55:10.679099+00','2025-07-09 12:55:10.679099+00'),
       ('21','21','353','600601011',
        '0101000020E61000008EBA8C510D845E40B9E177D32D7B2640'
        ,'2025-07-09 12:55:10.679099+00','2025-07-09 12:55:10.679099+00'),
       ('22','22','382','600601012',
        '0101000020E6100000BD7D0C0C0F845E4029A766A4187B2640'
        ,'2025-07-09 12:55:10.679099+00','2025-07-09 12:55:10.679099+00'),
       ('23','23','353','600601013',
        '0101000020E61000008449F1F109845E40DD927FDA666E2640'
        ,'2025-07-09 12:55:10.679099+00','2025-07-09 12:55:10.679099+00'),
       ('24','24','407','600604008',
        '0101000020E610000046AFAB6E9A835E40035D1C1163742640'
        ,'2025-07-09 12:55:10.679099+00','2025-07-09 12:55:10.679099+00'),
       ('25','25','410','600604010',
        '0101000020E61000001ECD470845835E4036D6B441DC0B2640'
        ,'2025-07-09 12:55:10.679099+00','2025-07-09 12:55:10.679099+00'),
       ('26','26','412','600604011',
        '0101000020E610000067B96C74CE845E40466D2C7299182640'
        ,'2025-07-09 12:55:10.679099+00','2025-07-09 12:55:10.679099+00'),
       ('27','27','460','600606005',
        '0101000020E6100000296096D123845E4040BC329854E52640'
        ,'2025-07-09 12:55:10.679099+00','2025-07-09 12:55:10.679099+00'),
       ('28','28','459','600606006',
        '0101000020E610000015B5EA29A8845E40070C7130C4CF2640'
        ,'2025-07-09 12:55:10.679099+00','2025-07-09 12:55:10.679099+00'),
       ('29','29','457','600606007',
        '0101000020E6100000C206FAFA10845E40BBF7CB82E4CE2640'
        ,'2025-07-09 12:55:10.679099+00','2025-07-09 12:55:10.679099+00'),
       ('30','30','697','600612018',
        '0101000020E61000007B7D52921A7E5E407C5AEAC5F5C02540'
        ,'2025-07-09 12:55:10.679099+00','2025-07-09 12:55:10.679099+00'),
       ('31','31','686','600612024',
        '0101000020E6100000E4A5F67D13805E40D466D63132952540'
        ,'2025-07-09 12:55:10.679099+00','2025-07-09 12:55:10.679099+00'),
       ('32','32','701','600612025',
        '0101000020E6100000533C2EAA457F5E40F0CCBA359FA12540'
        ,'2025-07-09 12:55:10.679099+00','2025-07-09 12:55:10.679099+00'),
       ('33','33','848','600616014',
        '0101000020E610000074CD89E2FA7E5E40B44E64FF9F952540'
        ,'2025-07-09 12:55:10.679099+00','2025-07-09 12:55:10.679099+00'),
       ('34','34','816','600616015',
        '0101000020E6100000F20698F90E815E406AE8976F1A8E2540'
        ,'2025-07-09 12:55:10.679099+00','2025-07-09 12:55:10.679099+00'),
       ('35','35','817','600616016',
        '0101000020E6100000E6289BCDBE805E40C38B74F519882540'
        ,'2025-07-09 12:55:10.679099+00','2025-07-09 12:55:10.679099+00'),
       ('36','36','850','600616017',
        '0101000020E61000006A334E43D47F5E40A1683FCE0B882540'
        ,'2025-07-09 12:55:10.679099+00','2025-07-09 12:55:10.679099+00'),
       ('37','37','527','600607001',
        '0101000020E6100000E96A86AF8A805E40D00BDA5847912540'
        ,'2025-07-09 12:55:10.679099+00','2025-07-09 12:55:10.679099+00'),
       ('38','38','530','600607002',
        '0101000020E6100000EFDB5A70D07F5E406B41F7FE698F2540'
        ,'2025-07-09 12:55:10.679099+00','2025-07-09 12:55:10.679099+00'),
       ('39','39','525','600607003',
        '0101000020E61000002A013109977B5E4031F1A20ADA032540'
        ,'2025-07-09 12:55:10.679099+00','2025-07-09 12:55:10.679099+00'),
       ('40','40','497','600607004',
        '0101000020E6100000026B30687CA75E40FF633AD7A44D2640'
        ,'2025-07-09 12:55:10.679099+00','2025-07-09 12:55:10.679099+00'),
       ('41','41','921','601901011',
        '0101000020E6100000A2D11DC4CEAA5E408EE00C1F8DA02640'
        ,'2025-07-09 12:55:10.679099+00','2025-07-09 12:55:10.679099+00'),
       ('42','42','924','601901012',
        '0101000020E6100000A245B6F3FDAB5E40BD4EB02049AE2640'
        ,'2025-07-09 12:55:10.679099+00','2025-07-09 12:55:10.679099+00'),
       ('43','43','932','601901013',
        '0101000020E610000056EF158241AF5E407EF7546F89A92640'
        ,'2025-07-09 12:55:10.679099+00','2025-07-09 12:55:10.679099+00'),
       ('44','44','929','601901014',
        '0101000020E6100000F56E87E1FEAE5E40CDB3CC0106A42640'
        ,'2025-07-09 12:55:10.679099+00','2025-07-09 12:55:10.679099+00'),
       ('45','45','929','601901015',
        '0101000020E610000032DF669629AA5E4064F2404383AF2640'
        ,'2025-07-09 12:55:10.679099+00','2025-07-09 12:55:10.679099+00'),
       ('46','46','1228','601912001',
        '0101000020E6100000E575696828B95E401E6D5ECDE8D42640',
        '2025-07-09 12:55:10.679099+00','2025-07-09 12:55:10.679099+00'),
       ('47','47','1221','601912002',
        '0101000020E610000044B5D2B5C0B55E40D632DFE25DEB2640',
        '2025-07-09 12:55:10.679099+00','2025-07-09 12:55:10.679099+00'),
       ('48','48','1213','601912003',
        '0101000020E61000009219B9B8D7B45E401F415CFFCFED2640',
        '2025-07-09 12:55:10.679099+00','2025-07-09 12:55:10.679099+00'),
       ('49','49','1218','601912008',
        '0101000020E61000006481655BBCB75E400AB3B731C9D42640',
        '2025-07-09 12:55:10.679099+00','2025-07-09 12:55:10.679099+00'),
       ('50','50','1218','601912007',
        '0101000020E6100000BE9F1A2FDDB95E406636C0B3DAD12640',
        '2025-07-09 12:55:10.679099+00','2025-07-09 12:55:10.679099+00'),
       ('51','51','1331','601916006',
        '0101000020E61000002E04392861A95E40DF83DF9FB5DB2640',
        '2025-07-09 12:55:10.679099+00','2025-07-09 12:55:10.679099+00'),
       ('52','52','1321','601916007',
        '0101000020E6100000B22C98F823AA5E40AEDEB8F736D62640',
        '2025-07-09 12:55:10.679099+00','2025-07-09 12:55:10.679099+00'),
       ('53','53','1312','601916008',
        '0101000020E6100000D4DE967EF8A95E40D5BA05F976CA2640',
        '2025-07-09 12:55:10.679099+00','2025-07-09 12:55:10.679099+00'),
       ('54','54','1318','601916009',
        '0101000020E6100000C3499A3F26AB5E40F625FA00CDCD2640',
        '2025-07-09 12:55:10.679099+00','2025-07-09 12:55:10.679099+00'),
       ('55','55','1317','601916010',
        '0101000020E6100000BD00FBE8D4AA5E4069599465CAD72640',
        '2025-07-09 12:55:10.679099+00','2025-07-09 12:55:10.679099+00'),
       ('56','56','1348','601917016',
        '0101000020E61000005F82AED83AA25E40F6A0DABF36852640',
        '2025-07-09 12:55:10.679099+00','2025-07-09 12:55:10.679099+00'),
       ('57','57','1389','601917017',
        '0101000020E610000038FF0AF464A25E4082CEDEF85E962640',
        '2025-07-09 12:55:10.679099+00','2025-07-09 12:55:10.679099+00'),
       ('58','58','1345','601917018',
        '0101000020E6100000BD18CA8976A15E40BCAE5FB01B962640',
        '2025-07-09 12:55:10.679099+00','2025-07-09 12:55:10.679099+00'),
       ('59','59','1369','601917019',
        '0101000020E610000069BF5A5A32A25E40EECEDA6D177A2640',
        '2025-07-09 12:55:10.679099+00','2025-07-09 12:55:10.679099+00'),
       ('60','60','1378','601917020',
        '0101000020E6100000F8AA9509BFA15E40320C921D9F832640',
        '2025-07-09 12:55:10.679099+00','2025-07-09 12:55:10.679099+00'),
       ('61','61','2856','603001003',
        '0101000020E61000001AADFE637CA95E40D5C2B85D60BF2540',
        '2025-07-09 12:55:10.679099+00','2025-07-09 12:55:10.679099+00'),
       ('62','62','2865','603001004',
        '0101000020E6100000A93C70847BAA5E404971239F36D02540',
        '2025-07-09 12:55:10.679099+00','2025-07-09 12:55:10.679099+00'),
       ('63','63','2860','603001005',
        '0101000020E6100000CEA21C71EDA75E40F5B1CC6CA1BD2540',
        '2025-07-09 12:55:10.679099+00','2025-07-09 12:55:10.679099+00'),
       ('64','64','2882','603001006',
        '0101000020E610000037B176CA59AA5E40F279C5538FE02540',
        '2025-07-09 12:55:10.679099+00','2025-07-09 12:55:10.679099+00'),
       ('65','65','2843','603001007',
        '0101000020E610000084471B472CA75E40E83FB50B17DB2540',
        '2025-07-09 12:55:10.679099+00','2025-07-09 12:55:10.679099+00'),
       ('66','66','2418','603001008',
        '0101000020E61000007325A71B4DA85E40C40B7D0B46E82540',
        '2025-07-09 12:55:10.679099+00','2025-07-09 12:55:10.679099+00'),
       ('67','67','2413','603001009',
        '0101000020E61000001C171FB0BCBA5E40B63412FCCA6E2640',
        '2025-07-09 12:55:10.679099+00','2025-07-09 12:55:10.679099+00'),
       ('68','68','3054','603001011',
        '0101000020E6100000E5E72BEDF9BB5E40AFBE709D35722640',
        '2025-07-09 12:55:10.679099+00','2025-07-09 12:55:10.679099+00'),
       ('69','69','3056','603041002',
        '0101000020E61000005DC7139C559F5E406F10AD156D9A2540',
        '2025-07-09 12:55:10.679099+00','2025-07-09 12:55:10.679099+00'),
       ('70','70','3047','603041003',
        '0101000020E61000005890662C1A9E5E4081FF52AB54952540',
        '2025-07-09 12:55:10.679099+00','2025-07-09 12:55:10.679099+00'),
       ('71','71','2791','603001014',
        '0101000020E61000000BB5A679C7A85E40A56229B3BD3B2640',
        '2025-07-09 12:55:10.679099+00','2025-07-09 12:55:10.679099+00'),
       ('72','72','2791','603035015',
        '0101000020E610000066811BCE21A85E40CE74E93E84332640',
        '2025-07-09 12:55:10.679099+00','2025-07-09 12:55:10.679099+00'),
       ('73','73','2794','603001016',
        '0101000020E6100000663387A416A85E40E63C635FB23D2640',
        '2025-07-09 12:55:10.679099+00','2025-07-09 12:55:10.679099+00'),
       ('74','74','2803','603001017',
        '0101000020E6100000D3CC49DEEFA65E401F1494A2954F2640',
        '2025-07-09 12:55:10.679099+00','2025-07-09 12:55:10.679099+00'),
       ('75','75','2809','603001018',
        '0101000020E6100000D368723186A75E40C608F2FD1E4A2640',
        '2025-07-09 12:55:10.679099+00','2025-07-09 12:55:10.679099+00'),
       ('76','76','2778','603001019',
        '0101000020E6100000F0F96184F0AE5E4098E690B334722640',
        '2025-07-09 12:55:10.679099+00','2025-07-09 12:55:10.679099+00'),
       ('77','77','1552','603001010',
        '0101000020E610000005C4245CC8B25E405DB64A6E1C1C2640',
        '2025-07-09 12:55:10.679099+00','2025-07-09 12:55:10.679099+00'),
       ('78','78','1557','603001020',
        '0101000020E6100000E773493030B15E40BBC4055E35282640',
        '2025-07-09 12:55:10.679099+00','2025-07-09 12:55:10.679099+00'),
       ('79','79','2659','603030012',
        '0101000020E610000005C4245CC8B25E405DB64A6E1C1C2640',
        '2025-07-09 12:55:10.679099+00','2025-07-09 12:55:10.679099+00'),
       ('80','80','2659','603001013',
        '0101000020E6100000E773493030B15E40BBC4055E35282640',
        '2025-07-09 12:55:10.679099+00','2025-07-09 12:55:10.679099+00'),
       ('81','81','3403','604504001',
        '0101000020E6100000169BA0979BBA5E40D19285B720282540',
        '2025-07-09 12:55:10.679099+00','2025-07-09 12:55:10.679099+00'),
       ('82','82','3401','604504002',
        '0101000020E61000003651F0B938BA5E40B5FD2B2B4D222540',
        '2025-07-09 12:55:10.679099+00','2025-07-09 12:55:10.679099+00'),
       ('83','83','3370','604507001',
        '0101000020E6100000010BAA575BB75E40BAE5FAA9B70B2540',
        '2025-07-09 12:55:10.679099+00','2025-07-09 12:55:10.679099+00'),
       ('84','84','3475','604507002',
        '0101000020E6100000451ACBAABEB75E407B427E4F0F122540',
        '2025-07-09 12:55:10.679099+00','2025-07-09 12:55:10.679099+00'),
       ('85','85','3469','604507017',
        '0101000020E61000008DD13AAA1ABA5E407B64392AB3102540',
        '2025-07-09 12:55:10.679099+00','2025-07-09 12:55:10.679099+00'),
       ('86','86','3476','604507019',
        '0101000020E61000001B65FD66E2BB5E408EB1346C6B262540',
        '2025-07-09 12:55:10.679099+00','2025-07-09 12:55:10.679099+00'),
       ('87','87','3466','604507020',
        '0101000020E6100000317C444C89B85E40E9CB98A343052540',
        '2025-07-09 12:55:10.679099+00','2025-07-09 12:55:10.679099+00'),
       ('88','88','3640','604515011',
        '0101000020E610000020FCD52DCCCB5E405CF75E956EF92540',
        '2025-07-09 12:55:10.679099+00','2025-07-09 12:55:10.679099+00'),
       ('89','89','3641','604515012',
        '0101000020E610000001DE02090ACD5E40AE0D780DB8F22540',
        '2025-07-09 12:55:10.679099+00','2025-07-09 12:55:10.679099+00'),
       ('90','90','3641','604515013',
        '0101000020E6100000AD79443BDDB45E40D6C56D3480FB2440',
        '2025-07-09 12:55:10.679099+00','2025-07-09 12:55:10.679099+00'),
       ('91','91','3662','604515014',
        '0101000020E6100000E3D3ADE8A0B45E40447F4F4929F62440',
        '2025-07-09 12:55:10.679099+00','2025-07-09 12:55:10.679099+00'),
       ('92','92','3905','604530001',
        '0101000020E6100000F7AC6BB41CB65E40E63B7CC2A7E92440',
        '2025-07-09 12:55:10.679099+00','2025-07-09 12:55:10.679099+00'),
       ('93','93','3914','604530002',
        '0101000020E6100000EF5F0FDCB7B65E408F3801D92DEA2440',
        '2025-07-09 12:55:10.679099+00','2025-07-09 12:55:10.679099+00'),
       ('94','94','3907','604530003',
        '0101000020E6100000C05DF6EB4EB55E4080C7853DCCEE2440',
        '2025-07-09 12:55:10.679099+00','2025-07-09 12:55:10.679099+00'),
       ('95','95','3919','604532009',
        '0101000020E6100000DAC70A7E9BB65E40D5C65C42D3E42440',
        '2025-07-09 12:55:10.679099+00','2025-07-09 12:55:10.679099+00'),
       ('96','96','3375','604532003',
        '0101000020E61000008A9A43ADC4B75E40BB190325E4E72440',
        '2025-07-09 12:55:10.679099+00','2025-07-09 12:55:10.679099+00'),
       ('97','97','3360','604532004',
        '0101000020E6100000B0D128136DB85E40080E1E5CF0E82440',
        '2025-07-09 12:55:10.679099+00','2025-07-09 12:55:10.679099+00'),
       ('98','98','3358','604532005',
        '0101000020E6100000AFBC9AF257B85E40CF5F8D5830E02440',
        '2025-07-09 12:55:10.679099+00','2025-07-09 12:55:10.679099+00'),
       ('99','99','3370','604532006',
        '0101000020E61000000F24946357B95E40B41E9D3E2BE22440',
        '2025-07-09 12:55:10.679099+00','2025-07-09 12:55:10.679099+00'),
       ('100','100','3990','607902002',
        '0101000020E61000001D339AA619A65E40081B64B39F462540',
        '2025-07-09 12:55:10.679099+00','2025-07-09 12:55:10.679099+00'),
       ('101','101','3993','607902004',
        '0101000020E61000008E075BEC76A65E4094245B9F6A452540',
        '2025-07-09 12:55:10.679099+00','2025-07-09 12:55:10.679099+00'),
       ('102','102','3993','607902005',
        '0101000020E6100000A6D6FB8DF6A25E402564185EE62D2540',
        '2025-07-09 12:55:10.679099+00','2025-07-09 12:55:10.679099+00'),
       ('103','103','4003','607902006',
        '0101000020E6100000BE69FAEC80A75E40E832B1D0392B2540',
        '2025-07-09 12:55:10.679099+00','2025-07-09 12:55:10.679099+00'),
       ('104','104','3999','607902007',
        '0101000020E6100000000000000000F87F000000000000F87F',
        '2025-07-09 12:55:10.679099+00','2025-07-09 12:55:10.679099+00'),
       ('105','105','4017','607903006',
        '0101000020E61000008E6DBEB623A45E40365A0EF450FF2440',
        '2025-07-09 12:55:10.679099+00','2025-07-09 12:55:10.679099+00'),
       ('106','106','4020','607903007',
        '0101000020E610000012FB5F09FFA25E402EBB719C25E62440',
        '2025-07-09 12:55:10.679099+00','2025-07-09 12:55:10.679099+00'),
       ('107','107','4013','607903008',
        '0101000020E6100000F75B960A05A35E4036470CF1FEEE2440',
        '2025-07-09 12:55:10.679099+00','2025-07-09 12:55:10.679099+00'),
       ('108','108','4021','607903009',
        '0101000020E6100000ABF0C23126A45E402F5FEA296AFF2440',
        '2025-07-09 12:55:10.679099+00','2025-07-09 12:55:10.679099+00'),
       ('109','109','4021','607903010',
        '0101000020E6100000FD33DEB133A25E4015F99A8AF9E42440',
        '2025-07-09 12:55:10.679099+00','2025-07-09 12:55:10.679099+00'),
       ('110','110','4029','607904011',
        '0101000020E61000009E83C2FB05A35E40089C7CE507EF2440',
        '2025-07-09 12:55:10.679099+00','2025-07-09 12:55:10.679099+00'),
       ('111','111','4035','607904012',
        '0101000020E61000003EF1F7E692AA5E4071636996BA0E2540',
        '2025-07-09 12:55:10.679099+00','2025-07-09 12:55:10.679099+00'),
       ('112','112','4035','607904013',
        '0101000020E6100000B7B41A1277AB5E400301D7BA790F2540',
        '2025-07-09 12:55:10.679099+00','2025-07-09 12:55:10.679099+00'),
       ('113','113','4031','607904014',
        '0101000020E610000085B4C6A093AA5E401C4CDC8DB20E2540',
        '2025-07-09 12:55:10.679099+00','2025-07-09 12:55:10.679099+00'),
       ('114','114','4027','607904015',
        '0101000020E6100000E70EACF424AC5E40DCF0603024182540',
        '2025-07-09 12:55:10.679099+00','2025-07-09 12:55:10.679099+00'),
       ('115','115','4027','607904016',
        '0101000020E61000007AC784F304AD5E40DD435FCD43382540',
        '2025-07-09 12:55:10.679099+00','2025-07-09 12:55:10.679099+00'),
       ('116','116','4027','607904017',
        '0101000020E6100000B8E864A975AB5E40BADDAA6F890F2540',
        '2025-07-09 12:55:10.679099+00','2025-07-09 12:55:10.679099+00'),
       ('117','117','4027','607904018',
        '0101000020E6100000BF828F1CC4AB5E40A838AB919F4B2540',
        '2025-07-09 12:55:10.679099+00','2025-07-09 12:55:10.679099+00'),
       ('118','118','4036','607904019',
        '0101000020E6100000BDF671D98DAB5E40A4131117E3162540',
        '2025-07-09 12:55:10.679099+00','2025-07-09 12:55:10.679099+00'),
       ('119','119','4027','607904020',
        '0101000020E610000004B39D4A61AC5E40807DF8226F2B2540',
        '2025-07-09 12:55:10.679099+00','2025-07-09 12:55:10.679099+00'); 


insert into public.field_activities(
  id,
  field_id,
  season_id,
  activity_type,
  collected_by,
  verified_by,
  verification_status,
  remarks,
  image_urls,
  collected_at,
  updated_at,
  verified_at,
  synced_at
  )
values ( '1','1','1','field_planning','60e5e84e-5d9e-425f-8fbb-e2672c944537',null,'pending',
              null,
'["https://example.com/image_1_1.jpg","https://example.com/image_1_2.jpg","https://example.com/image_1_3.jpg","https://example.com/image_1_4.jpg"]'
              ,'2024-12-10 00:00:00+00','2025-07-10 00:00:10.245208+00',null,null),
            ( '2','2','1','field_planning','60e5e84e-5d9e-425f-8fbb-e2672c944537',null,'pending',
              null,
'["https://example.com/image_2_1.jpg","https://example.com/image_2_2.jpg","https://example.com/image_2_3.jpg","https://example.com/image_2_4.jpg"]'
              ,'2024-11-13 00:00:00+00','2025-07-10 00:00:10.245208+00',null,null),
            ( '3','3','1','field_planning','60e5e84e-5d9e-425f-8fbb-e2672c944537',null,'pending',
              null,
'["https://example.com/image_3_1.jpg","https://example.com/image_3_2.jpg","https://example.com/image_3_3.jpg","https://example.com/image_3_4.jpg"]'
              ,'2024-10-16 00:00:00+00','2025-07-10 00:00:10.245208+00',null,null),
            ( '4','4','1','field_planning','60e5e84e-5d9e-425f-8fbb-e2672c944537',null,'pending',
              null,
'["https://example.com/image_4_1.jpg","https://example.com/image_4_2.jpg","https://example.com/image_4_3.jpg","https://example.com/image_4_4.jpg"]'
              ,'2024-09-20 00:00:00+00','2025-07-10 00:00:10.245208+00',null,null),
            ( '5','5','1','field_planning','60e5e84e-5d9e-425f-8fbb-e2672c944537',null,'pending',
              null,
'["https://example.com/image_5_1.jpg","https://example.com/image_5_2.jpg","https://example.com/image_5_3.jpg","https://example.com/image_5_4.jpg"]'
              ,'2024-10-16 00:00:00+00','2025-07-10 00:00:10.245208+00',null,null),
            ( '6','6','1','field_planning','60e5e84e-5d9e-425f-8fbb-e2672c944537',null,'pending',
              null,
'["https://example.com/image_6_1.jpg","https://example.com/image_6_2.jpg","https://example.com/image_6_3.jpg","https://example.com/image_6_4.jpg"]'
              ,'2024-11-13 00:00:00+00','2025-07-10 00:00:10.245208+00',null,null),
            ( '7','7','1','field_planning','60e5e84e-5d9e-425f-8fbb-e2672c944537',null,'pending',
              null,
'["https://example.com/image_7_1.jpg","https://example.com/image_7_2.jpg","https://example.com/image_7_3.jpg","https://example.com/image_7_4.jpg"]'
              ,'2024-11-29 00:00:00+00','2025-07-10 00:00:10.245208+00',null,null),
            ( '8','8','1','field_planning','60e5e84e-5d9e-425f-8fbb-e2672c944537',null,'pending',
              null,
'["https://example.com/image_8_1.jpg","https://example.com/image_8_2.jpg","https://example.com/image_8_3.jpg","https://example.com/image_8_4.jpg"]'
              ,'2024-11-13 00:00:00+00','2025-07-10 00:00:10.245208+00',null,null),
            ( '9','9','1','field_planning','60e5e84e-5d9e-425f-8fbb-e2672c944537',null,'pending',
              null,
'["https://example.com/image_9_1.jpg","https://example.com/image_9_2.jpg","https://example.com/image_9_3.jpg","https://example.com/image_9_4.jpg"]'
              ,'2024-11-13 00:00:00+00','2025-07-10 00:00:10.245208+00',null,null),
            ( '10','10','1','field_planning','60e5e84e-5d9e-425f-8fbb-e2672c944537',null,'pending',
              null,
'["https://example.com/image_10_1.jpg","https://example.com/image_10_2.jpg","https://example.com/image_10_3.jpg","https://example.com/image_10_4.jpg"]'
              ,'2024-11-13 00:00:00+00','2025-07-10 00:00:10.245208+00',null,null),
            ( '11','11','1','field_planning','60e5e84e-5d9e-425f-8fbb-e2672c944537',null,'pending',
              null,
'["https://example.com/image_11_1.jpg","https://example.com/image_11_2.jpg","https://example.com/image_11_3.jpg","https://example.com/image_11_4.jpg"]'
              ,'2024-10-13 00:00:00+00','2025-07-10 00:00:10.245208+00',null,null),
            ( '12','12','1','field_planning','60e5e84e-5d9e-425f-8fbb-e2672c944537',null,'pending',
              null,
'["https://example.com/image_12_1.jpg","https://example.com/image_12_2.jpg","https://example.com/image_12_3.jpg","https://example.com/image_12_4.jpg"]'
              ,'2024-10-13 00:00:00+00','2025-07-10 00:00:10.245208+00',null,null),
            ( '13','13','1','field_planning','60e5e84e-5d9e-425f-8fbb-e2672c944537',null,'pending',
              null,
'["https://example.com/image_13_1.jpg","https://example.com/image_13_2.jpg","https://example.com/image_13_3.jpg","https://example.com/image_13_4.jpg"]'
              ,'2024-10-13 00:00:00+00','2025-07-10 00:00:10.245208+00',null,null),
            ( '14','14','1','field_planning','60e5e84e-5d9e-425f-8fbb-e2672c944537',null,'pending',
              null,
'["https://example.com/image_14_1.jpg","https://example.com/image_14_2.jpg","https://example.com/image_14_3.jpg","https://example.com/image_14_4.jpg"]'
              ,'2024-10-13 00:00:00+00','2025-07-10 00:00:10.245208+00',null,null),
            ( '15','15','1','field_planning','60e5e84e-5d9e-425f-8fbb-e2672c944537',null,'pending',
              null,
'["https://example.com/image_15_1.jpg","https://example.com/image_15_2.jpg","https://example.com/image_15_3.jpg","https://example.com/image_15_4.jpg"]'
              ,'2024-10-13 00:00:00+00','2025-07-10 00:00:10.245208+00',null,null),
            ( '16','16','1','field_planning','60e5e84e-5d9e-425f-8fbb-e2672c944537',null,'pending',
              null,
'["https://example.com/image_16_1.jpg","https://example.com/image_16_2.jpg","https://example.com/image_16_3.jpg","https://example.com/image_16_4.jpg"]'
              ,'2024-11-09 00:00:00+00','2025-07-10 00:00:10.245208+00',null,null),
            ( '17','17','1','field_planning','60e5e84e-5d9e-425f-8fbb-e2672c944537',null,'pending',
              null,
'["https://example.com/image_17_1.jpg","https://example.com/image_17_2.jpg","https://example.com/image_17_3.jpg","https://example.com/image_17_4.jpg"]'
              ,'2024-12-06 00:00:00+00','2025-07-10 00:00:10.245208+00',null,null),
            ( '18','18','1','field_planning','60e5e84e-5d9e-425f-8fbb-e2672c944537',null,'pending',
              null,
'["https://example.com/image_18_1.jpg","https://example.com/image_18_2.jpg","https://example.com/image_18_3.jpg","https://example.com/image_18_4.jpg"]'
              ,'2024-10-10 00:00:00+00','2025-07-10 00:00:10.245208+00',null,null),
            ( '19','19','1','field_planning','60e5e84e-5d9e-425f-8fbb-e2672c944537',null,'pending',
              null,
'["https://example.com/image_19_1.jpg","https://example.com/image_19_2.jpg","https://example.com/image_19_3.jpg","https://example.com/image_19_4.jpg"]'
              ,'2024-11-09 00:00:00+00','2025-07-10 00:00:10.245208+00',null,null),
            ( '20','20','1','field_planning','60e5e84e-5d9e-425f-8fbb-e2672c944537',null,'pending',
              null,
'["https://example.com/image_20_1.jpg","https://example.com/image_20_2.jpg","https://example.com/image_20_3.jpg","https://example.com/image_20_4.jpg"]'
              ,'2024-11-09 00:00:00+00','2025-07-10 00:00:10.245208+00',null,null),
            ( '21','21','1','field_planning','60e5e84e-5d9e-425f-8fbb-e2672c944537',null,'pending',
              null,
'["https://example.com/image_21_1.jpg","https://example.com/image_21_2.jpg","https://example.com/image_21_3.jpg","https://example.com/image_21_4.jpg"]'
              ,'2024-12-10 00:00:00+00','2025-07-10 00:00:10.245208+00',null,null),
            ( '22','22','1','field_planning','60e5e84e-5d9e-425f-8fbb-e2672c944537',null,'pending',
              null,
'["https://example.com/image_22_1.jpg","https://example.com/image_22_2.jpg","https://example.com/image_22_3.jpg","https://example.com/image_22_4.jpg"]'
              ,'2024-09-20 00:00:00+00','2025-07-10 00:00:10.245208+00',null,null),
            ( '23','23','1','field_planning','60e5e84e-5d9e-425f-8fbb-e2672c944537',null,'pending',
              null,
'["https://example.com/image_23_1.jpg","https://example.com/image_23_2.jpg","https://example.com/image_23_3.jpg","https://example.com/image_23_4.jpg"]'
              ,'2024-09-20 00:00:00+00','2025-07-10 00:00:10.245208+00',null,null),
            ( '24','24','1','field_planning','60e5e84e-5d9e-425f-8fbb-e2672c944537',null,'pending',
              null,
'["https://example.com/image_24_1.jpg","https://example.com/image_24_2.jpg","https://example.com/image_24_3.jpg","https://example.com/image_24_4.jpg"]'
              ,'2024-11-05 00:00:00+00','2025-07-10 00:00:10.245208+00',null,null),
            ( '25','25','1','field_planning','60e5e84e-5d9e-425f-8fbb-e2672c944537',null,'pending',
              null,
'["https://example.com/image_25_1.jpg","https://example.com/image_25_2.jpg","https://example.com/image_25_3.jpg","https://example.com/image_25_4.jpg"]'
              ,'2024-11-04 00:00:00+00','2025-07-10 00:00:10.245208+00',null,null),
            ( '26','26','1','field_planning','60e5e84e-5d9e-425f-8fbb-e2672c944537',null,'pending',
              null,
'["https://example.com/image_26_1.jpg","https://example.com/image_26_2.jpg","https://example.com/image_26_3.jpg","https://example.com/image_26_4.jpg"]'
              ,'2024-11-04 00:00:00+00','2025-07-10 00:00:10.245208+00',null,null),
            ( '27','27','1','field_planning','9971f3e0-df82-4a48-b367-c8b09c0402fa',null,'pending',
              null,
'["https://example.com/image_27_1.jpg","https://example.com/image_27_2.jpg","https://example.com/image_27_3.jpg","https://example.com/image_27_4.jpg"]'
              ,'2024-11-05 00:00:00+00','2025-07-10 00:00:10.245208+00',null,null),
            ( '28','28','2','field_planning','9971f3e0-df82-4a48-b367-c8b09c0402fa',null,'pending',
              null,
'["https://example.com/image_28_1.jpg","https://example.com/image_28_2.jpg","https://example.com/image_28_3.jpg","https://example.com/image_28_4.jpg"]'
              ,'2024-11-29 00:00:00+00','2025-07-10 00:00:10.245208+00',null,null),
            ( '29','29','1','field_planning','9971f3e0-df82-4a48-b367-c8b09c0402fa',null,'pending',
              null,
'["https://example.com/image_29_1.jpg","https://example.com/image_29_2.jpg","https://example.com/image_29_3.jpg","https://example.com/image_29_4.jpg"]'
              ,'2024-11-05 00:00:00+00','2025-07-10 00:00:10.245208+00',null,null),
            ( '30','30','1','field_planning','6bb2a5f9-31a2-451b-a5d8-3787f642bd27',null,'pending',
              null,
'["https://example.com/image_30_1.jpg","https://example.com/image_30_2.jpg","https://example.com/image_30_3.jpg","https://example.com/image_30_4.jpg"]'
              ,'2024-10-21 00:00:00+00','2025-07-10 00:00:10.245208+00',null,null),
            ( '31','31','1','field_planning','6bb2a5f9-31a2-451b-a5d8-3787f642bd27',null,'pending',
              null,
'["https://example.com/image_31_1.jpg","https://example.com/image_31_2.jpg","https://example.com/image_31_3.jpg","https://example.com/image_31_4.jpg"]'
              ,'2024-10-10 00:00:00+00','2025-07-10 00:00:10.245208+00',null,null),
            ( '32','32','1','field_planning','6bb2a5f9-31a2-451b-a5d8-3787f642bd27',null,'pending',
              null,
'["https://example.com/image_32_1.jpg","https://example.com/image_32_2.jpg","https://example.com/image_32_3.jpg","https://example.com/image_32_4.jpg"]'
              ,'2024-10-10 00:00:00+00','2025-07-10 00:00:10.245208+00',null,null),
            ( '33','33','1','field_planning','52d345fe-ef3a-4ecc-84d6-ec5b85ff3ddc',null,'pending',
              null,
'["https://example.com/image_33_1.jpg","https://example.com/image_33_2.jpg","https://example.com/image_33_3.jpg","https://example.com/image_33_4.jpg"]'
              ,'2024-11-04 00:00:00+00','2025-07-10 00:00:10.245208+00',null,null),
            ( '34','34','1','field_planning','52d345fe-ef3a-4ecc-84d6-ec5b85ff3ddc',null,'pending',
              null,
'["https://example.com/image_34_1.jpg","https://example.com/image_34_2.jpg","https://example.com/image_34_3.jpg","https://example.com/image_34_4.jpg"]'
              ,'2024-11-04 00:00:00+00','2025-07-10 00:00:10.245208+00',null,null),
            ( '35','35','1','field_planning','52d345fe-ef3a-4ecc-84d6-ec5b85ff3ddc',null,'pending',
              null,
'["https://example.com/image_35_1.jpg","https://example.com/image_35_2.jpg","https://example.com/image_35_3.jpg","https://example.com/image_35_4.jpg"]'
              ,'2024-10-10 00:00:00+00','2025-07-10 00:00:10.245208+00',null,null),
            ( '36','36','1','field_planning','52d345fe-ef3a-4ecc-84d6-ec5b85ff3ddc',null,'pending',
              null,
'["https://example.com/image_36_1.jpg","https://example.com/image_36_2.jpg","https://example.com/image_36_3.jpg","https://example.com/image_36_4.jpg"]'
              ,'2024-11-19 00:00:00+00','2025-07-10 00:00:10.245208+00',null,null),
            ( '37','37','1','field_planning','52d345fe-ef3a-4ecc-84d6-ec5b85ff3ddc',null,'pending',
              null,
'["https://example.com/image_37_1.jpg","https://example.com/image_37_2.jpg","https://example.com/image_37_3.jpg","https://example.com/image_37_4.jpg"]'
              ,'2024-11-04 00:00:00+00','2025-07-10 00:00:10.245208+00',null,null),
            ( '38','38','1','field_planning','52d345fe-ef3a-4ecc-84d6-ec5b85ff3ddc',null,'pending',
              null,
'["https://example.com/image_38_1.jpg","https://example.com/image_38_2.jpg","https://example.com/image_38_3.jpg","https://example.com/image_38_4.jpg"]'
              ,'2024-10-10 00:00:00+00','2025-07-10 00:00:10.245208+00',null,null),
            ( '39','39','1','field_planning','6e52ab6c-0b56-4822-ba85-55e1d43c3daf',null,'pending',
              null,
'["https://example.com/image_39_1.jpg","https://example.com/image_39_2.jpg","https://example.com/image_39_3.jpg","https://example.com/image_39_4.jpg"]'
              ,'2024-11-26 00:00:00+00','2025-07-10 00:00:10.245208+00',null,null),
            ( '40','40','1','field_planning','6e52ab6c-0b56-4822-ba85-55e1d43c3daf',null,'pending',
              null,
'["https://example.com/image_40_1.jpg","https://example.com/image_40_2.jpg","https://example.com/image_40_3.jpg","https://example.com/image_40_4.jpg"]'
              ,'2024-10-30 00:00:00+00','2025-07-10 00:00:10.245208+00',null,null),
            ( '41','41','1','field_planning','6bb2a5f9-31a2-451b-a5d8-3787f642bd27',null,'pending',
              null,
'["https://example.com/image_41_1.jpg","https://example.com/image_41_2.jpg","https://example.com/image_41_3.jpg","https://example.com/image_41_4.jpg"]'
              ,'2024-10-18 00:00:00+00','2025-07-10 00:00:10.245208+00',null,null),
            ( '42','42','1','field_planning','6bb2a5f9-31a2-451b-a5d8-3787f642bd27',null,'pending',
              null,
'["https://example.com/image_42_1.jpg","https://example.com/image_42_2.jpg","https://example.com/image_42_3.jpg","https://example.com/image_42_4.jpg"]'
              ,'2024-09-24 00:00:00+00','2025-07-10 00:00:10.245208+00',null,null),
            ( '43','43','1','field_planning','6bb2a5f9-31a2-451b-a5d8-3787f642bd27',null,'pending',
              null,
'["https://example.com/image_43_1.jpg","https://example.com/image_43_2.jpg","https://example.com/image_43_3.jpg","https://example.com/image_43_4.jpg"]'
              ,'2024-09-24 00:00:00+00','2025-07-10 00:00:10.245208+00',null,null),
            ( '44','44','1','field_planning','6bb2a5f9-31a2-451b-a5d8-3787f642bd27',null,'pending',
              null,
'["https://example.com/image_44_1.jpg","https://example.com/image_44_2.jpg","https://example.com/image_44_3.jpg","https://example.com/image_44_4.jpg"]'
              ,'2024-09-24 00:00:00+00','2025-07-10 00:00:10.245208+00',null,null),
            ( '45','45','1','field_planning','6bb2a5f9-31a2-451b-a5d8-3787f642bd27',null,'pending',
              null,
'["https://example.com/image_45_1.jpg","https://example.com/image_45_2.jpg","https://example.com/image_45_3.jpg","https://example.com/image_45_4.jpg"]'
              ,'2024-10-18 00:00:00+00','2025-07-10 00:00:10.245208+00',null,null),
            ( '46','46','1','field_planning','6bb2a5f9-31a2-451b-a5d8-3787f642bd27',null,'pending',
              null,
'["https://example.com/image_46_1.jpg","https://example.com/image_46_2.jpg","https://example.com/image_46_3.jpg","https://example.com/image_46_4.jpg"]'
              ,'2024-10-18 00:00:00+00','2025-07-10 00:00:10.245208+00',null,null),
            ( '47','47','1','field_planning','6bb2a5f9-31a2-451b-a5d8-3787f642bd27',null,'pending',
              null,
'["https://example.com/image_47_1.jpg","https://example.com/image_47_2.jpg","https://example.com/image_47_3.jpg","https://example.com/image_47_4.jpg"]'
              ,'2024-10-18 00:00:00+00','2025-07-10 00:00:10.245208+00',null,null),
            ( '48','48','1','field_planning','6bb2a5f9-31a2-451b-a5d8-3787f642bd27',null,'pending',
              null,
'["https://example.com/image_48_1.jpg","https://example.com/image_48_2.jpg","https://example.com/image_48_3.jpg","https://example.com/image_48_4.jpg"]'
              ,'2024-11-09 00:00:00+00','2025-07-10 00:00:10.245208+00',null,null),
            ( '49','49','1','field_planning','6bb2a5f9-31a2-451b-a5d8-3787f642bd27',null,'pending',
              null,
'["https://example.com/image_49_1.jpg","https://example.com/image_49_2.jpg","https://example.com/image_49_3.jpg","https://example.com/image_49_4.jpg"]'
              ,'2024-10-18 00:00:00+00','2025-07-10 00:00:10.245208+00',null,null),
            ( '50','50','1','field_planning','6bb2a5f9-31a2-451b-a5d8-3787f642bd27',null,'pending',
              null,
'["https://example.com/image_50_1.jpg","https://example.com/image_50_2.jpg","https://example.com/image_50_3.jpg","https://example.com/image_50_4.jpg"]'
              ,'2024-09-20 00:00:00+00','2025-07-10 00:00:10.245208+00',null,null),
            ( '51','51','1','field_planning','6bb2a5f9-31a2-451b-a5d8-3787f642bd27',null,'pending',
              null,
'["https://example.com/image_51_1.jpg","https://example.com/image_51_2.jpg","https://example.com/image_51_3.jpg","https://example.com/image_51_4.jpg"]'
              ,'2024-10-18 00:00:00+00','2025-07-10 00:00:10.245208+00',null,null),
            ( '52','52','1','field_planning','6bb2a5f9-31a2-451b-a5d8-3787f642bd27',null,'pending',
              null,
'["https://example.com/image_52_1.jpg","https://example.com/image_52_2.jpg","https://example.com/image_52_3.jpg","https://example.com/image_52_4.jpg"]'
              ,'2024-10-18 00:00:00+00','2025-07-10 00:00:10.245208+00',null,null),
            ( '53','53','1','field_planning','6bb2a5f9-31a2-451b-a5d8-3787f642bd27',null,'pending',
              null,
'["https://example.com/image_53_1.jpg","https://example.com/image_53_2.jpg","https://example.com/image_53_3.jpg","https://example.com/image_53_4.jpg"]'
              ,'2024-10-21 00:00:00+00','2025-07-10 00:00:10.245208+00',null,null),
            ( '54','54','1','field_planning','6bb2a5f9-31a2-451b-a5d8-3787f642bd27',null,'pending',
              null,
'["https://example.com/image_54_1.jpg","https://example.com/image_54_2.jpg","https://example.com/image_54_3.jpg","https://example.com/image_54_4.jpg"]'
              ,'2024-10-18 00:00:00+00','2025-07-10 00:00:10.245208+00',null,null),
            ( '55','55','1','field_planning','6bb2a5f9-31a2-451b-a5d8-3787f642bd27',null,'pending',
              null,
'["https://example.com/image_55_1.jpg","https://example.com/image_55_2.jpg","https://example.com/image_55_3.jpg","https://example.com/image_55_4.jpg"]'
              ,'2024-10-18 00:00:00+00','2025-07-10 00:00:10.245208+00',null,null),
            ( '56','56','1','field_planning','6bb2a5f9-31a2-451b-a5d8-3787f642bd27',null,'pending',
              null,
'["https://example.com/image_56_1.jpg","https://example.com/image_56_2.jpg","https://example.com/image_56_3.jpg","https://example.com/image_56_4.jpg"]'
              ,'2024-10-18 00:00:00+00','2025-07-10 00:00:10.245208+00',null,null),
            ( '57','57','1','field_planning','6bb2a5f9-31a2-451b-a5d8-3787f642bd27',null,'pending',
              null,
'["https://example.com/image_57_1.jpg","https://example.com/image_57_2.jpg","https://example.com/image_57_3.jpg","https://example.com/image_57_4.jpg"]'
              ,'2024-10-18 00:00:00+00','2025-07-10 00:00:10.245208+00',null,null),
            ( '58','58','1','field_planning','6bb2a5f9-31a2-451b-a5d8-3787f642bd27',null,'pending',
              null,
'["https://example.com/image_58_1.jpg","https://example.com/image_58_2.jpg","https://example.com/image_58_3.jpg","https://example.com/image_58_4.jpg"]'
              ,'2024-11-06 00:00:00+00','2025-07-10 00:00:10.245208+00',null,null),
            ( '59','59','1','field_planning','6bb2a5f9-31a2-451b-a5d8-3787f642bd27',null,'pending',
              null,
'["https://example.com/image_59_1.jpg","https://example.com/image_59_2.jpg","https://example.com/image_59_3.jpg","https://example.com/image_59_4.jpg"]'
              ,'2024-10-18 00:00:00+00','2025-07-10 00:00:10.245208+00',null,null),
            ( '60','60','1','field_planning','6bb2a5f9-31a2-451b-a5d8-3787f642bd27',null,'pending',
              null,
'["https://example.com/image_60_1.jpg","https://example.com/image_60_2.jpg","https://example.com/image_60_3.jpg","https://example.com/image_60_4.jpg"]'
              ,'2024-10-18 00:00:00+00','2025-07-10 00:00:10.245208+00',null,null),
            ( '61','61','1','field_planning','9cfc40b4-96ec-490b-9a77-95125fe60510',null,'pending',
              null,
'["https://example.com/image_61_1.jpg","https://example.com/image_61_2.jpg","https://example.com/image_61_3.jpg","https://example.com/image_61_4.jpg"]'
              ,'2024-11-07 00:00:00+00','2025-07-10 00:00:10.245208+00',null,null),
            ( '62','62','1','field_planning','9cfc40b4-96ec-490b-9a77-95125fe60510',null,'pending',
              null,
'["https://example.com/image_62_1.jpg","https://example.com/image_62_2.jpg","https://example.com/image_62_3.jpg","https://example.com/image_62_4.jpg"]'
              ,'2024-11-07 00:00:00+00','2025-07-10 00:00:10.245208+00',null,null),
            ( '63','63','1','field_planning','9cfc40b4-96ec-490b-9a77-95125fe60510',null,'pending',
              null,
'["https://example.com/image_63_1.jpg","https://example.com/image_63_2.jpg","https://example.com/image_63_3.jpg","https://example.com/image_63_4.jpg"]'
              ,'2024-11-14 00:00:00+00','2025-07-10 00:00:10.245208+00',null,null),
            ( '64','64','1','field_planning','9cfc40b4-96ec-490b-9a77-95125fe60510',null,'pending',
              null,
'["https://example.com/image_64_1.jpg","https://example.com/image_64_2.jpg","https://example.com/image_64_3.jpg","https://example.com/image_64_4.jpg"]'
              ,'2024-11-14 00:00:00+00','2025-07-10 00:00:10.245208+00',null,null),
            ( '65','65','1','field_planning','9cfc40b4-96ec-490b-9a77-95125fe60510',null,'pending',
              null,
'["https://example.com/image_65_1.jpg","https://example.com/image_65_2.jpg","https://example.com/image_65_3.jpg","https://example.com/image_65_4.jpg"]'
              ,'2024-11-14 00:00:00+00','2025-07-10 00:00:10.245208+00',null,null),
            ( '66','66','1','field_planning','9cfc40b4-96ec-490b-9a77-95125fe60510',null,'pending',
              null,
'["https://example.com/image_66_1.jpg","https://example.com/image_66_2.jpg","https://example.com/image_66_3.jpg","https://example.com/image_66_4.jpg"]'
              ,'2024-11-28 00:00:00+00','2025-07-10 00:00:10.245208+00',null,null),
            ( '67','67','1','field_planning','9cfc40b4-96ec-490b-9a77-95125fe60510',null,'pending',
              null,
'["https://example.com/image_67_1.jpg","https://example.com/image_67_2.jpg","https://example.com/image_67_3.jpg","https://example.com/image_67_4.jpg"]'
              ,'2024-11-28 00:00:00+00','2025-07-10 00:00:10.245208+00',null,null),
            ( '68','68','1','field_planning','9cfc40b4-96ec-490b-9a77-95125fe60510',null,'pending',
              null,
'["https://example.com/image_68_1.jpg","https://example.com/image_68_2.jpg","https://example.com/image_68_3.jpg","https://example.com/image_68_4.jpg"]'
              ,'2024-10-21 00:00:00+00','2025-07-10 00:00:10.245208+00',null,null),
            ( '69','69','1','field_planning','9cfc40b4-96ec-490b-9a77-95125fe60510',null,'pending',
              null,
'["https://example.com/image_69_1.jpg","https://example.com/image_69_2.jpg","https://example.com/image_69_3.jpg","https://example.com/image_69_4.jpg"]'
              ,'2024-10-21 00:00:00+00','2025-07-10 00:00:10.245208+00',null,null),
            ( '70','70','1','field_planning','9cfc40b4-96ec-490b-9a77-95125fe60510',null,'pending',
              null,
'["https://example.com/image_70_1.jpg","https://example.com/image_70_2.jpg","https://example.com/image_70_3.jpg","https://example.com/image_70_4.jpg"]'
              ,'2024-10-18 00:00:00+00','2025-07-10 00:00:10.245208+00',null,null),
            ( '71','71','1','field_planning','9cfc40b4-96ec-490b-9a77-95125fe60510',null,'pending',
              null,
'["https://example.com/image_71_1.jpg","https://example.com/image_71_2.jpg","https://example.com/image_71_3.jpg","https://example.com/image_71_4.jpg"]'
              ,'2024-09-24 00:00:00+00','2025-07-10 00:00:10.245208+00',null,null),
            ( '72','72','1','field_planning','9cfc40b4-96ec-490b-9a77-95125fe60510',null,'pending',
              null,
'["https://example.com/image_72_1.jpg","https://example.com/image_72_2.jpg","https://example.com/image_72_3.jpg","https://example.com/image_72_4.jpg"]'
              ,'2024-10-25 00:00:00+00','2025-07-10 00:00:10.245208+00',null,null),
            ( '73','73','1','field_planning','9cfc40b4-96ec-490b-9a77-95125fe60510',null,'pending',
              null,
'["https://example.com/image_73_1.jpg","https://example.com/image_73_2.jpg","https://example.com/image_73_3.jpg","https://example.com/image_73_4.jpg"]'
              ,'2024-11-14 00:00:00+00','2025-07-10 00:00:10.245208+00',null,null),
            ( '74','74','1','field_planning','9cfc40b4-96ec-490b-9a77-95125fe60510',null,'pending',
              null,
'["https://example.com/image_74_1.jpg","https://example.com/image_74_2.jpg","https://example.com/image_74_3.jpg","https://example.com/image_74_4.jpg"]'
              ,'2024-11-14 00:00:00+00','2025-07-10 00:00:10.245208+00',null,null),
            ( '75','75','1','field_planning','9cfc40b4-96ec-490b-9a77-95125fe60510',null,'pending',
              null,
'["https://example.com/image_75_1.jpg","https://example.com/image_75_2.jpg","https://example.com/image_75_3.jpg","https://example.com/image_75_4.jpg"]'
              ,'2024-11-14 00:00:00+00','2025-07-10 00:00:10.245208+00',null,null),
            ( '76','76','1','field_planning','9cfc40b4-96ec-490b-9a77-95125fe60510',null,'pending',
              null,
'["https://example.com/image_76_1.jpg","https://example.com/image_76_2.jpg","https://example.com/image_76_3.jpg","https://example.com/image_76_4.jpg"]'
              ,'2024-10-04 00:00:00+00','2025-07-10 00:00:10.245208+00',null,null),
            ( '77','77','1','field_planning','9cfc40b4-96ec-490b-9a77-95125fe60510',null,'pending',
              null,
'["https://example.com/image_77_1.jpg","https://example.com/image_77_2.jpg","https://example.com/image_77_3.jpg","https://example.com/image_77_4.jpg"]'
              ,'2024-10-03 00:00:00+00','2025-07-10 00:00:10.245208+00',null,null),
            ( '78','78','1','field_planning','9cfc40b4-96ec-490b-9a77-95125fe60510',null,'pending',
              null,
'["https://example.com/image_78_1.jpg","https://example.com/image_78_2.jpg","https://example.com/image_78_3.jpg","https://example.com/image_78_4.jpg"]'
              ,'2024-10-25 00:00:00+00','2025-07-10 00:00:10.245208+00',null,null),
            ( '79','79','1','field_planning','a6df7371-5212-40d9-b255-d03fa9a50fd5',null,'pending',
              null,
'["https://example.com/image_79_1.jpg","https://example.com/image_79_2.jpg","https://example.com/image_79_3.jpg","https://example.com/image_79_4.jpg"]'
              ,'2024-10-03 00:00:00+00','2025-07-10 00:00:10.245208+00',null,null),
            ( '80','80','1','field_planning','a6df7371-5212-40d9-b255-d03fa9a50fd5',null,'pending',
              null,
'["https://example.com/image_80_1.jpg","https://example.com/image_80_2.jpg","https://example.com/image_80_3.jpg","https://example.com/image_80_4.jpg"]'
              ,'2024-10-25 00:00:00+00','2025-07-10 00:00:10.245208+00',null,null),
            ( '81','81','1','field_planning','a6df7371-5212-40d9-b255-d03fa9a50fd5',null,'pending',
              null,
'["https://example.com/image_81_1.jpg","https://example.com/image_81_2.jpg","https://example.com/image_81_3.jpg","https://example.com/image_81_4.jpg"]'
              ,'2024-09-06 00:00:00+00','2025-07-10 00:00:10.245208+00',null,null),
            ( '82','82','1','field_planning','a6df7371-5212-40d9-b255-d03fa9a50fd5',null,'pending',
              null,
'["https://example.com/image_82_1.jpg","https://example.com/image_82_2.jpg","https://example.com/image_82_3.jpg","https://example.com/image_82_4.jpg"]'
              ,'2024-09-06 00:00:00+00','2025-07-10 00:00:10.245208+00',null,null),
            ( '83','83','1','field_planning','a6df7371-5212-40d9-b255-d03fa9a50fd5',null,'pending',
              null,
'["https://example.com/image_83_1.jpg","https://example.com/image_83_2.jpg","https://example.com/image_83_3.jpg","https://example.com/image_83_4.jpg"]'
              ,'2024-08-27 00:00:00+00','2025-07-10 00:00:10.245208+00',null,null),
            ( '84','84','1','field_planning','9cfc40b4-96ec-490b-9a77-95125fe60510',null,'pending',
              null,
'["https://example.com/image_84_1.jpg","https://example.com/image_84_2.jpg","https://example.com/image_84_3.jpg","https://example.com/image_84_4.jpg"]'
              ,'2024-08-27 00:00:00+00','2025-07-10 00:00:10.245208+00',null,null),
            ( '85','85','1','field_planning','9cfc40b4-96ec-490b-9a77-95125fe60510',null,'pending',
              null,
'["https://example.com/image_85_1.jpg","https://example.com/image_85_2.jpg","https://example.com/image_85_3.jpg","https://example.com/image_85_4.jpg"]'
              ,'2024-08-27 00:00:00+00','2025-07-10 00:00:10.245208+00',null,null),
            ( '86','86','1','field_planning','9cfc40b4-96ec-490b-9a77-95125fe60510',null,'pending',
              null,
'["https://example.com/image_86_1.jpg","https://example.com/image_86_2.jpg","https://example.com/image_86_3.jpg","https://example.com/image_86_4.jpg"]'
              ,'2024-09-06 00:00:00+00','2025-07-10 00:00:10.245208+00',null,null),
            ( '87','87','1','field_planning','9cfc40b4-96ec-490b-9a77-95125fe60510',null,'pending',
              null,
'["https://example.com/image_87_1.jpg","https://example.com/image_87_2.jpg","https://example.com/image_87_3.jpg","https://example.com/image_87_4.jpg"]'
              ,'2024-09-19 00:00:00+00','2025-07-10 00:00:10.245208+00',null,null),
            ( '88','88','1','field_planning','9cfc40b4-96ec-490b-9a77-95125fe60510',null,'pending',
              null,
'["https://example.com/image_88_1.jpg","https://example.com/image_88_2.jpg","https://example.com/image_88_3.jpg","https://example.com/image_88_4.jpg"]'
              ,'2024-09-19 00:00:00+00','2025-07-10 00:00:10.245208+00',null,null),
            ( '89','89','1','field_planning','eeda11be-5094-4b8d-b818-8c5b472aa115',null,'pending',
              null,
'["https://example.com/image_89_1.jpg","https://example.com/image_89_2.jpg","https://example.com/image_89_3.jpg","https://example.com/image_89_4.jpg"]'
              ,'2024-11-06 00:00:00+00','2025-07-10 00:00:10.245208+00',null,null),
            ( '90','90','1','field_planning','eeda11be-5094-4b8d-b818-8c5b472aa115',null,'pending',
              null,
'["https://example.com/image_90_1.jpg","https://example.com/image_90_2.jpg","https://example.com/image_90_3.jpg","https://example.com/image_90_4.jpg"]'
              ,'2024-11-07 00:00:00+00','2025-07-10 00:00:10.245208+00',null,null),
            ( '91','91','1','field_planning','eeda11be-5094-4b8d-b818-8c5b472aa115',null,'pending',
              null,
'["https://example.com/image_91_1.jpg","https://example.com/image_91_2.jpg","https://example.com/image_91_3.jpg","https://example.com/image_91_4.jpg"]'
              ,'2024-09-20 00:00:00+00','2025-07-10 00:00:10.245208+00',null,null),
            ( '92','92','1','field_planning','a2e74af1-5f93-4a19-8d05-47041db5c88d',null,'pending',
              null,
'["https://example.com/image_92_1.jpg","https://example.com/image_92_2.jpg","https://example.com/image_92_3.jpg","https://example.com/image_92_4.jpg"]'
              ,'2024-10-18 00:00:00+00','2025-07-10 00:00:10.245208+00',null,null),
            ( '93','93','1','field_planning','a2e74af1-5f93-4a19-8d05-47041db5c88d',null,'pending',
              null,
'["https://example.com/image_93_1.jpg","https://example.com/image_93_2.jpg","https://example.com/image_93_3.jpg","https://example.com/image_93_4.jpg"]'
              ,'2024-10-18 00:00:00+00','2025-07-10 00:00:10.245208+00',null,null),
            ( '94','94','1','field_planning','a2e74af1-5f93-4a19-8d05-47041db5c88d',null,'pending',
              null,
'["https://example.com/image_94_1.jpg","https://example.com/image_94_2.jpg","https://example.com/image_94_3.jpg","https://example.com/image_94_4.jpg"]'
              ,'2024-11-07 00:00:00+00','2025-07-10 00:00:10.245208+00',null,null),
            ( '95','95','1','field_planning','a2e74af1-5f93-4a19-8d05-47041db5c88d',null,'pending',
              null,
'["https://example.com/image_95_1.jpg","https://example.com/image_95_2.jpg","https://example.com/image_95_3.jpg","https://example.com/image_95_4.jpg"]'
              ,'2024-10-18 00:00:00+00','2025-07-10 00:00:10.245208+00',null,null),
            ( '96','96','1','field_planning','9cfc40b4-96ec-490b-9a77-95125fe60510',null,'pending',
              null,
'["https://example.com/image_96_1.jpg","https://example.com/image_96_2.jpg","https://example.com/image_96_3.jpg","https://example.com/image_96_4.jpg"]'
              ,'2024-10-18 00:00:00+00','2025-07-10 00:00:10.245208+00',null,null),
            ( '97','97','1','field_planning','9cfc40b4-96ec-490b-9a77-95125fe60510',null,'pending',
              null,
'["https://example.com/image_97_1.jpg","https://example.com/image_97_2.jpg","https://example.com/image_97_3.jpg","https://example.com/image_97_4.jpg"]'
              ,'2024-11-07 00:00:00+00','2025-07-10 00:00:10.245208+00',null,null),
            ( '98','98','1','field_planning','9cfc40b4-96ec-490b-9a77-95125fe60510',null,'pending',
              null,
'["https://example.com/image_98_1.jpg","https://example.com/image_98_2.jpg","https://example.com/image_98_3.jpg","https://example.com/image_98_4.jpg"]'
              ,'2024-10-18 00:00:00+00','2025-07-10 00:00:10.245208+00',null,null),
            ( '99','99','1','field_planning','a2e74af1-5f93-4a19-8d05-47041db5c88d',null,'pending',
              null,
'["https://example.com/image_99_1.jpg","https://example.com/image_99_2.jpg","https://example.com/image_99_3.jpg","https://example.com/image_99_4.jpg"]'
              ,'2024-10-18 00:00:00+00','2025-07-10 00:00:10.245208+00',null,null),
            ( '100','100','1','field_planning','9cfc40b4-96ec-490b-9a77-95125fe60510',null,'pending'
              ,null,
'["https://example.com/image_100_1.jpg","https://example.com/image_100_2.jpg","https://example.com/image_100_3.jpg","https://example.com/image_100_4.jpg"]'
              ,'2024-11-29 00:00:00+00','2025-07-10 00:00:10.245208+00',null,null),
            ( '101','101','1','field_planning','9cfc40b4-96ec-490b-9a77-95125fe60510',null,'pending'
              ,null,
'["https://example.com/image_101_1.jpg","https://example.com/image_101_2.jpg","https://example.com/image_101_3.jpg","https://example.com/image_101_4.jpg"]'
              ,'2024-11-29 00:00:00+00','2025-07-10 00:00:10.245208+00',null,null),
            ( '102','102','1','field_planning','9cfc40b4-96ec-490b-9a77-95125fe60510',null,'pending'
              ,null,
'["https://example.com/image_102_1.jpg","https://example.com/image_102_2.jpg","https://example.com/image_102_3.jpg","https://example.com/image_102_4.jpg"]'
              ,'2024-11-29 00:00:00+00','2025-07-10 00:00:10.245208+00',null,null),
            ( '103','103','1','field_planning','9cfc40b4-96ec-490b-9a77-95125fe60510',null,'pending'
              ,null,
'["https://example.com/image_103_1.jpg","https://example.com/image_103_2.jpg","https://example.com/image_103_3.jpg","https://example.com/image_103_4.jpg"]'
              ,'2024-10-02 00:00:00+00','2025-07-10 00:00:10.245208+00',null,null),
            ( '104','104','1','field_planning','9cfc40b4-96ec-490b-9a77-95125fe60510',null,'pending'
              ,null,
'["https://example.com/image_104_1.jpg","https://example.com/image_104_2.jpg","https://example.com/image_104_3.jpg","https://example.com/image_104_4.jpg"]'
              ,'2024-10-18 00:00:00+00','2025-07-10 00:00:10.245208+00',null,null),
            ( '105','105','1','field_planning','9cfc40b4-96ec-490b-9a77-95125fe60510',null,'pending'
              ,null,
'["https://example.com/image_105_1.jpg","https://example.com/image_105_2.jpg","https://example.com/image_105_3.jpg","https://example.com/image_105_4.jpg"]'
              ,'2024-11-04 00:00:00+00','2025-07-10 00:00:10.245208+00',null,null),
            ( '106','106','1','field_planning','9cfc40b4-96ec-490b-9a77-95125fe60510',null,'pending'
              ,null,
'["https://example.com/image_106_1.jpg","https://example.com/image_106_2.jpg","https://example.com/image_106_3.jpg","https://example.com/image_106_4.jpg"]'
              ,'2024-11-04 00:00:00+00','2025-07-10 00:00:10.245208+00',null,null),
            ( '107','107','1','field_planning','9cfc40b4-96ec-490b-9a77-95125fe60510',null,'pending'
              ,null,
'["https://example.com/image_107_1.jpg","https://example.com/image_107_2.jpg","https://example.com/image_107_3.jpg","https://example.com/image_107_4.jpg"]'
              ,'2024-11-04 00:00:00+00','2025-07-10 00:00:10.245208+00',null,null),
            ( '108','108','1','field_planning','9cfc40b4-96ec-490b-9a77-95125fe60510',null,'pending'
              ,null,
'["https://example.com/image_108_1.jpg","https://example.com/image_108_2.jpg","https://example.com/image_108_3.jpg","https://example.com/image_108_4.jpg"]'
              ,'2024-11-29 00:00:00+00','2025-07-10 00:00:10.245208+00',null,null),
            ( '109','109','1','field_planning','9cfc40b4-96ec-490b-9a77-95125fe60510',null,'pending'
              ,null,
'["https://example.com/image_109_1.jpg","https://example.com/image_109_2.jpg","https://example.com/image_109_3.jpg","https://example.com/image_109_4.jpg"]'
              ,'2024-11-07 00:00:00+00','2025-07-10 00:00:10.245208+00',null,null),
            ( '110','110','1','field_planning','9cfc40b4-96ec-490b-9a77-95125fe60510',null,'pending'
              ,null,
'["https://example.com/image_110_1.jpg","https://example.com/image_110_2.jpg","https://example.com/image_110_3.jpg","https://example.com/image_110_4.jpg"]'
              ,'2024-10-02 00:00:00+00','2025-07-10 00:00:10.245208+00',null,null),
            ( '111','111','1','field_planning','749a67ec-fffb-4465-840f-e2e6be337abe',null,'pending'
              ,null,
'["https://example.com/image_111_1.jpg","https://example.com/image_111_2.jpg","https://example.com/image_111_3.jpg","https://example.com/image_111_4.jpg"]'
              ,'2024-10-01 00:00:00+00','2025-07-10 00:00:10.245208+00',null,null),
            ( '112','112','1','field_planning','749a67ec-fffb-4465-840f-e2e6be337abe',null,'pending'
              ,null,
'["https://example.com/image_112_1.jpg","https://example.com/image_112_2.jpg","https://example.com/image_112_3.jpg","https://example.com/image_112_4.jpg"]'
              ,'2024-09-28 00:00:00+00','2025-07-10 00:00:10.245208+00',null,null),
            ( '113','113','1','field_planning','749a67ec-fffb-4465-840f-e2e6be337abe',null,'pending'
              ,null,
'["https://example.com/image_113_1.jpg","https://example.com/image_113_2.jpg","https://example.com/image_113_3.jpg","https://example.com/image_113_4.jpg"]'
              ,'2024-11-19 00:00:00+00','2025-07-10 00:00:10.245208+00',null,null),
            ( '114','114','1','field_planning','9cfc40b4-96ec-490b-9a77-95125fe60510',null,'pending'
              ,null,
'["https://example.com/image_114_1.jpg","https://example.com/image_114_2.jpg","https://example.com/image_114_3.jpg","https://example.com/image_114_4.jpg"]'
              ,'2024-10-03 00:00:00+00','2025-07-10 00:00:10.245208+00',null,null),
            ( '115','115','1','field_planning','9cfc40b4-96ec-490b-9a77-95125fe60510',null,'pending'
              ,null,
'["https://example.com/image_115_1.jpg","https://example.com/image_115_2.jpg","https://example.com/image_115_3.jpg","https://example.com/image_115_4.jpg"]'
              ,'2024-11-19 00:00:00+00','2025-07-10 00:00:10.245208+00',null,null),
            ( '116','116','1','field_planning','9cfc40b4-96ec-490b-9a77-95125fe60510',null,'pending'
              ,null,
'["https://example.com/image_116_1.jpg","https://example.com/image_116_2.jpg","https://example.com/image_116_3.jpg","https://example.com/image_116_4.jpg"]'
              ,'2024-10-02 00:00:00+00','2025-07-10 00:00:10.245208+00',null,null),
            ( '117','117','1','field_planning','9cfc40b4-96ec-490b-9a77-95125fe60510',null,'pending'
              ,null,
'["https://example.com/image_117_1.jpg","https://example.com/image_117_2.jpg","https://example.com/image_117_3.jpg","https://example.com/image_117_4.jpg"]'
              ,'2024-11-07 00:00:00+00','2025-07-10 00:00:10.245208+00',null,null),
            ( '118','118','1','field_planning','9cfc40b4-96ec-490b-9a77-95125fe60510',null,'pending'
              ,null,
'["https://example.com/image_118_1.jpg","https://example.com/image_118_2.jpg","https://example.com/image_118_3.jpg","https://example.com/image_118_4.jpg"]'
              ,'2024-09-19 00:00:00+00','2025-07-10 00:00:10.245208+00',null,null),
            ( '119','119','1','field_planning','9cfc40b4-96ec-490b-9a77-95125fe60510',null,'pending'
              ,null,
'["https://example.com/image_119_1.jpg","https://example.com/image_119_2.jpg","https://example.com/image_119_3.jpg","https://example.com/image_119_4.jpg"]'
              ,'2024-10-02 00:00:00+00','2025-07-10 00:00:10.245208+00',null,null),
            ( '120','1','1','crop_establishment','d6b4cbe4-2ea2-4669-9b7a-7e54fa9f074f',null,
              'pending',null,
'["https://example.com/image_1_1.jpg","https://example.com/image_1_2.jpg","https://example.com/image_1_3.jpg","https://example.com/image_1_4.jpg"]'
              ,'2025-02-20 00:00:00+00','2025-07-10 00:00:10.245208+00',null,null),
            ( '121','2','1','crop_establishment','d6b4cbe4-2ea2-4669-9b7a-7e54fa9f074f',null,
              'pending',null,
'["https://example.com/image_2_1.jpg","https://example.com/image_2_2.jpg","https://example.com/image_2_3.jpg","https://example.com/image_2_4.jpg"]'
              ,'2025-02-20 00:00:00+00','2025-07-10 00:00:10.245208+00',null,null),
            ( '122','3','1','crop_establishment','60e5e84e-5d9e-425f-8fbb-e2672c944537',null,
              'pending',null,
'["https://example.com/image_3_1.jpg","https://example.com/image_3_2.jpg","https://example.com/image_3_3.jpg","https://example.com/image_3_4.jpg"]'
              ,'2025-01-04 00:00:00+00','2025-07-10 00:00:10.245208+00',null,null),
            ( '123','4','1','crop_establishment','60e5e84e-5d9e-425f-8fbb-e2672c944537',null,
              'pending',null,
'["https://example.com/image_4_1.jpg","https://example.com/image_4_2.jpg","https://example.com/image_4_3.jpg","https://example.com/image_4_4.jpg"]'
              ,'2024-11-29 00:00:00+00','2025-07-10 00:00:10.245208+00',null,null),
            ( '124','5','1','crop_establishment','60e5e84e-5d9e-425f-8fbb-e2672c944537',null,
              'pending',null,
'["https://example.com/image_5_1.jpg","https://example.com/image_5_2.jpg","https://example.com/image_5_3.jpg","https://example.com/image_5_4.jpg"]'
              ,'2024-12-24 00:00:00+00','2025-07-10 00:00:10.245208+00',null,null),
            ( '125','6','1','crop_establishment','1b57063b-43e9-43aa-a8c8-ceb23f2cdddb',null,
              'pending',null,
'["https://example.com/image_6_1.jpg","https://example.com/image_6_2.jpg","https://example.com/image_6_3.jpg","https://example.com/image_6_4.jpg"]'
              ,'2025-01-03 00:00:00+00','2025-07-10 00:00:10.245208+00',null,null),
            ( '126','7','1','crop_establishment','1b57063b-43e9-43aa-a8c8-ceb23f2cdddb',null,
              'pending',null,
'["https://example.com/image_7_1.jpg","https://example.com/image_7_2.jpg","https://example.com/image_7_3.jpg","https://example.com/image_7_4.jpg"]'
              ,'2025-01-04 00:00:00+00','2025-07-10 00:00:10.245208+00',null,null),
            ( '127','8','1','crop_establishment','1b57063b-43e9-43aa-a8c8-ceb23f2cdddb',null,
              'pending',null,
'["https://example.com/image_8_1.jpg","https://example.com/image_8_2.jpg","https://example.com/image_8_3.jpg","https://example.com/image_8_4.jpg"]'
              ,'2025-01-03 00:00:00+00','2025-07-10 00:00:10.245208+00',null,null),
            ( '128','9','1','crop_establishment','60e5e84e-5d9e-425f-8fbb-e2672c944537',null,
              'pending',null,
'["https://example.com/image_9_1.jpg","https://example.com/image_9_2.jpg","https://example.com/image_9_3.jpg","https://example.com/image_9_4.jpg"]'
              ,'2024-11-09 00:00:00+00','2025-07-10 00:00:10.245208+00',null,null),
            ( '129','10','1','crop_establishment','1b57063b-43e9-43aa-a8c8-ceb23f2cdddb',null,
              'pending',null,
'["https://example.com/image_10_1.jpg","https://example.com/image_10_2.jpg","https://example.com/image_10_3.jpg","https://example.com/image_10_4.jpg"]'
              ,'2025-01-03 00:00:00+00','2025-07-10 00:00:10.245208+00',null,null),
            ( '130','11','1','crop_establishment','60e5e84e-5d9e-425f-8fbb-e2672c944537',null,
              'pending',null,
'["https://example.com/image_11_1.jpg","https://example.com/image_11_2.jpg","https://example.com/image_11_3.jpg","https://example.com/image_11_4.jpg"]'
              ,'2024-12-14 19:52:39+00','2025-07-10 00:00:10.245208+00',null,null),
            ( '131','12','1','crop_establishment','60e5e84e-5d9e-425f-8fbb-e2672c944537',null,
              'pending',null,
'["https://example.com/image_12_1.jpg","https://example.com/image_12_2.jpg","https://example.com/image_12_3.jpg","https://example.com/image_12_4.jpg"]'
              ,'2025-01-07 11:24:26+00','2025-07-10 00:00:10.245208+00',null,null),
            ( '132','13','1','crop_establishment','60e5e84e-5d9e-425f-8fbb-e2672c944537',null,
              'pending',null,
'["https://example.com/image_13_1.jpg","https://example.com/image_13_2.jpg","https://example.com/image_13_3.jpg","https://example.com/image_13_4.jpg"]'
              ,'2024-12-14 19:51:42+00','2025-07-10 00:00:10.245208+00',null,null),
            ( '133','14','1','crop_establishment','60e5e84e-5d9e-425f-8fbb-e2672c944537',null,
              'pending',null,
'["https://example.com/image_14_1.jpg","https://example.com/image_14_2.jpg","https://example.com/image_14_3.jpg","https://example.com/image_14_4.jpg"]'
              ,'2024-12-14 19:51:26+00','2025-07-10 00:00:10.245208+00',null,null),
            ( '134','15','1','crop_establishment','60e5e84e-5d9e-425f-8fbb-e2672c944537',null,
              'pending',null,
'["https://example.com/image_15_1.jpg","https://example.com/image_15_2.jpg","https://example.com/image_15_3.jpg","https://example.com/image_15_4.jpg"]'
              ,'2024-12-14 19:52:00+00','2025-07-10 00:00:10.245208+00',null,null),
            ( '135','16','1','crop_establishment','9b2fd7c1-53a6-4a34-95d1-97a5875a1c15',null,
              'pending',null,
'["https://example.com/image_16_1.jpg","https://example.com/image_16_2.jpg","https://example.com/image_16_3.jpg","https://example.com/image_16_4.jpg"]'
              ,'2025-01-17 00:00:00+00','2025-07-10 00:00:10.245208+00',null,null),
            ( '136','17','1','crop_establishment','9b2fd7c1-53a6-4a34-95d1-97a5875a1c15',null,
              'pending',null,
'["https://example.com/image_17_1.jpg","https://example.com/image_17_2.jpg","https://example.com/image_17_3.jpg","https://example.com/image_17_4.jpg"]'
              ,'2025-01-17 00:00:00+00','2025-07-10 00:00:10.245208+00',null,null),
            ( '137','18','1','crop_establishment','9b2fd7c1-53a6-4a34-95d1-97a5875a1c15',null,
              'pending',null,
'["https://example.com/image_18_1.jpg","https://example.com/image_18_2.jpg","https://example.com/image_18_3.jpg","https://example.com/image_18_4.jpg"]'
              ,'2025-01-17 00:00:00+00','2025-07-10 00:00:10.245208+00',null,null),
            ( '138','19','1','crop_establishment','60e5e84e-5d9e-425f-8fbb-e2672c944537',null,
              'pending',null,
'["https://example.com/image_19_1.jpg","https://example.com/image_19_2.jpg","https://example.com/image_19_3.jpg","https://example.com/image_19_4.jpg"]'
              ,'2025-01-17 00:00:00+00','2025-07-10 00:00:10.245208+00',null,null),
            ( '139','20','1','crop_establishment','9b2fd7c1-53a6-4a34-95d1-97a5875a1c15',null,
              'pending',null,
'["https://example.com/image_20_1.jpg","https://example.com/image_20_2.jpg","https://example.com/image_20_3.jpg","https://example.com/image_20_4.jpg"]'
              ,'2025-01-17 00:00:00+00','2025-07-10 00:00:10.245208+00',null,null),
            ( '140','21','1','crop_establishment','60e5e84e-5d9e-425f-8fbb-e2672c944537',null,
              'pending',null,
'["https://example.com/image_21_1.jpg","https://example.com/image_21_2.jpg","https://example.com/image_21_3.jpg","https://example.com/image_21_4.jpg"]'
              ,'2024-12-10 00:00:00+00','2025-07-10 00:00:10.245208+00',null,null),
            ( '141','22','1','crop_establishment','d6b4cbe4-2ea2-4669-9b7a-7e54fa9f074f',null,
              'pending',null,
'["https://example.com/image_22_1.jpg","https://example.com/image_22_2.jpg","https://example.com/image_22_3.jpg","https://example.com/image_22_4.jpg"]'
              ,'2024-12-23 00:00:00+00','2025-07-10 00:00:10.245208+00',null,null),
            ( '142','23','1','crop_establishment','d6b4cbe4-2ea2-4669-9b7a-7e54fa9f074f',null,
              'pending',null,
'["https://example.com/image_23_1.jpg","https://example.com/image_23_2.jpg","https://example.com/image_23_3.jpg","https://example.com/image_23_4.jpg"]'
              ,'2024-11-05 00:00:00+00','2025-07-10 00:00:10.245208+00',null,null),
            ( '143','24','1','crop_establishment','d6b4cbe4-2ea2-4669-9b7a-7e54fa9f074f',null,
              'pending',null,
'["https://example.com/image_24_1.jpg","https://example.com/image_24_2.jpg","https://example.com/image_24_3.jpg","https://example.com/image_24_4.jpg"]'
              ,'2024-12-23 00:00:00+00','2025-07-10 00:00:10.245208+00',null,null),
            ( '144','25','1','crop_establishment','7b8dc85d-84fa-4113-bb26-e229b228c693',null,
              'pending',null,
'["https://example.com/image_25_1.jpg","https://example.com/image_25_2.jpg","https://example.com/image_25_3.jpg","https://example.com/image_25_4.jpg"]'
              ,'2024-11-27 00:00:00+00','2025-07-10 00:00:10.245208+00',null,null),
            ( '145','26','1','crop_establishment','60e5e84e-5d9e-425f-8fbb-e2672c944537',null,
              'pending',null,
'["https://example.com/image_26_1.jpg","https://example.com/image_26_2.jpg","https://example.com/image_26_3.jpg","https://example.com/image_26_4.jpg"]'
              ,'2024-11-04 00:00:00+00','2025-07-10 00:00:10.245208+00',null,null),
            ( '146','27','1','crop_establishment','9971f3e0-df82-4a48-b367-c8b09c0402fa',null,
              'pending',null,
'["https://example.com/image_27_1.jpg","https://example.com/image_27_2.jpg","https://example.com/image_27_3.jpg","https://example.com/image_27_4.jpg"]'
              ,'2024-11-29 00:00:00+00','2025-07-10 00:00:10.245208+00',null,null),
            ( '147','28','2','crop_establishment','9971f3e0-df82-4a48-b367-c8b09c0402fa',null,
              'pending',null,
'["https://example.com/image_28_1.jpg","https://example.com/image_28_2.jpg","https://example.com/image_28_3.jpg","https://example.com/image_28_4.jpg"]'
              ,'2025-02-10 00:00:00+00','2025-07-10 00:00:10.245208+00',null,null),
            ( '148','29','1','crop_establishment','9971f3e0-df82-4a48-b367-c8b09c0402fa',null,
              'pending',null,
'["https://example.com/image_29_1.jpg","https://example.com/image_29_2.jpg","https://example.com/image_29_3.jpg","https://example.com/image_29_4.jpg"]'
              ,'2024-11-29 00:00:00+00','2025-07-10 00:00:10.245208+00',null,null),
            ( '149','30','1','crop_establishment','9cfc40b4-96ec-490b-9a77-95125fe60510',null,
              'pending',null,
'["https://example.com/image_30_1.jpg","https://example.com/image_30_2.jpg","https://example.com/image_30_3.jpg","https://example.com/image_30_4.jpg"]'
              ,'2024-11-29 00:00:00+00','2025-07-10 00:00:10.245208+00',null,null),
            ( '150','31','1','crop_establishment','60e5e84e-5d9e-425f-8fbb-e2672c944537',null,
              'pending',null,
'["https://example.com/image_31_1.jpg","https://example.com/image_31_2.jpg","https://example.com/image_31_3.jpg","https://example.com/image_31_4.jpg"]'
              ,'2024-11-29 00:00:00+00','2025-07-10 00:00:10.245208+00',null,null),
            ( '151','32','1','crop_establishment','60e5e84e-5d9e-425f-8fbb-e2672c944537',null,
              'pending',null,
'["https://example.com/image_32_1.jpg","https://example.com/image_32_2.jpg","https://example.com/image_32_3.jpg","https://example.com/image_32_4.jpg"]'
              ,'2024-11-29 00:00:00+00','2025-07-10 00:00:10.245208+00',null,null),
            ( '152','33','1','crop_establishment','60e5e84e-5d9e-425f-8fbb-e2672c944537',null,
              'pending',null,
'["https://example.com/image_33_1.jpg","https://example.com/image_33_2.jpg","https://example.com/image_33_3.jpg","https://example.com/image_33_4.jpg"]'
              ,'2024-11-29 00:00:00+00','2025-07-10 00:00:10.245208+00',null,null),
            ( '153','34','1','crop_establishment','60e5e84e-5d9e-425f-8fbb-e2672c944537',null,
              'pending',null,
'["https://example.com/image_34_1.jpg","https://example.com/image_34_2.jpg","https://example.com/image_34_3.jpg","https://example.com/image_34_4.jpg"]'
              ,'2024-12-13 00:00:00+00','2025-07-10 00:00:10.245208+00',null,null),
            ( '154','35','1','crop_establishment','60e5e84e-5d9e-425f-8fbb-e2672c944537',null,
              'pending',null,
'["https://example.com/image_35_1.jpg","https://example.com/image_35_2.jpg","https://example.com/image_35_3.jpg","https://example.com/image_35_4.jpg"]'
              ,'2024-12-13 00:00:00+00','2025-07-10 00:00:10.245208+00',null,null),
            ( '155','36','1','crop_establishment','60e5e84e-5d9e-425f-8fbb-e2672c944537',null,
              'pending',null,
'["https://example.com/image_36_1.jpg","https://example.com/image_36_2.jpg","https://example.com/image_36_3.jpg","https://example.com/image_36_4.jpg"]'
              ,'2025-01-06 00:00:00+00','2025-07-10 00:00:10.245208+00',null,null),
            ( '156','37','1','crop_establishment','60e5e84e-5d9e-425f-8fbb-e2672c944537',null,
              'pending',null,
'["https://example.com/image_37_1.jpg","https://example.com/image_37_2.jpg","https://example.com/image_37_3.jpg","https://example.com/image_37_4.jpg"]'
              ,'2024-12-23 00:00:00+00','2025-07-10 00:00:10.245208+00',null,null),
            ( '157','38','1','crop_establishment','60e5e84e-5d9e-425f-8fbb-e2672c944537',null,
              'pending',null,
'["https://example.com/image_38_1.jpg","https://example.com/image_38_2.jpg","https://example.com/image_38_3.jpg","https://example.com/image_38_4.jpg"]'
              ,'2024-11-19 00:00:00+00','2025-07-10 00:00:10.245208+00',null,null),
            ( '158','39','1','crop_establishment','6e52ab6c-0b56-4822-ba85-55e1d43c3daf',null,
              'pending',null,
'["https://example.com/image_39_1.jpg","https://example.com/image_39_2.jpg","https://example.com/image_39_3.jpg","https://example.com/image_39_4.jpg"]'
              ,'2024-11-26 00:00:00+00','2025-07-10 00:00:10.245208+00',null,null),
            ( '159','40','1','crop_establishment','6e52ab6c-0b56-4822-ba85-55e1d43c3daf',null,
              'pending',null,
'["https://example.com/image_40_1.jpg","https://example.com/image_40_2.jpg","https://example.com/image_40_3.jpg","https://example.com/image_40_4.jpg"]'
              ,'2024-12-18 00:00:00+00','2025-07-10 00:00:10.245208+00',null,null),
            ( '160','41','1','crop_establishment','1758c389-c41e-4057-9ee9-381bef00daf0',null,
              'pending',null,
'["https://example.com/image_41_1.jpg","https://example.com/image_41_2.jpg","https://example.com/image_41_3.jpg","https://example.com/image_41_4.jpg"]'
              ,'2024-11-29 00:00:00+00','2025-07-10 00:00:10.245208+00',null,null),
            ( '161','42','1','crop_establishment','1758c389-c41e-4057-9ee9-381bef00daf0',null,
              'pending',null,
'["https://example.com/image_42_1.jpg","https://example.com/image_42_2.jpg","https://example.com/image_42_3.jpg","https://example.com/image_42_4.jpg"]'
              ,'2024-11-29 00:00:00+00','2025-07-10 00:00:10.245208+00',null,null),
            ( '162','43','1','crop_establishment','1758c389-c41e-4057-9ee9-381bef00daf0',null,
              'pending',null,
'["https://example.com/image_43_1.jpg","https://example.com/image_43_2.jpg","https://example.com/image_43_3.jpg","https://example.com/image_43_4.jpg"]'
              ,'2025-01-23 00:00:00+00','2025-07-10 00:00:10.245208+00',null,null),
            ( '163','44','1','crop_establishment','1758c389-c41e-4057-9ee9-381bef00daf0',null,
              'pending',null,
'["https://example.com/image_44_1.jpg","https://example.com/image_44_2.jpg","https://example.com/image_44_3.jpg","https://example.com/image_44_4.jpg"]'
              ,'2024-12-19 00:00:00+00','2025-07-10 00:00:10.245208+00',null,null),
            ( '164','45','1','crop_establishment','1758c389-c41e-4057-9ee9-381bef00daf0',null,
              'pending',null,
'["https://example.com/image_45_1.jpg","https://example.com/image_45_2.jpg","https://example.com/image_45_3.jpg","https://example.com/image_45_4.jpg"]'
              ,'2024-11-29 00:00:00+00','2025-07-10 00:00:10.245208+00',null,null),
            ( '165','46','1','crop_establishment','6bb2a5f9-31a2-451b-a5d8-3787f642bd27',null,
              'pending',null,
'["https://example.com/image_46_1.jpg","https://example.com/image_46_2.jpg","https://example.com/image_46_3.jpg","https://example.com/image_46_4.jpg"]'
              ,'2024-11-13 00:00:00+00','2025-07-10 00:00:10.245208+00',null,null),
            ( '166','47','1','crop_establishment','6bb2a5f9-31a2-451b-a5d8-3787f642bd27',null,
              'pending',null,
'["https://example.com/image_47_1.jpg","https://example.com/image_47_2.jpg","https://example.com/image_47_3.jpg","https://example.com/image_47_4.jpg"]'
              ,'2024-12-12 00:00:00+00','2025-07-10 00:00:10.245208+00',null,null),
            ( '167','48','1','crop_establishment','6bb2a5f9-31a2-451b-a5d8-3787f642bd27',null,
              'pending',null,
'["https://example.com/image_48_1.jpg","https://example.com/image_48_2.jpg","https://example.com/image_48_3.jpg","https://example.com/image_48_4.jpg"]'
              ,'2024-12-23 00:00:00+00','2025-07-10 00:00:10.245208+00',null,null),
            ( '168','49','1','crop_establishment','6bb2a5f9-31a2-451b-a5d8-3787f642bd27',null,
              'pending',null,
'["https://example.com/image_49_1.jpg","https://example.com/image_49_2.jpg","https://example.com/image_49_3.jpg","https://example.com/image_49_4.jpg"]'
              ,'2024-11-29 00:00:00+00','2025-07-10 00:00:10.245208+00',null,null),
            ( '169','50','1','crop_establishment','6bb2a5f9-31a2-451b-a5d8-3787f642bd27',null,
              'pending',null,
'["https://example.com/image_50_1.jpg","https://example.com/image_50_2.jpg","https://example.com/image_50_3.jpg","https://example.com/image_50_4.jpg"]'
              ,'2024-11-13 00:00:00+00','2025-07-10 00:00:10.245208+00',null,null),
            ( '170','51','1','crop_establishment','6bb2a5f9-31a2-451b-a5d8-3787f642bd27',null,
              'pending',null,
'["https://example.com/image_51_1.jpg","https://example.com/image_51_2.jpg","https://example.com/image_51_3.jpg","https://example.com/image_51_4.jpg"]'
              ,'2024-11-29 00:00:00+00','2025-07-10 00:00:10.245208+00',null,null),
            ( '171','52','1','crop_establishment','6bb2a5f9-31a2-451b-a5d8-3787f642bd27',null,
              'pending',null,
'["https://example.com/image_52_1.jpg","https://example.com/image_52_2.jpg","https://example.com/image_52_3.jpg","https://example.com/image_52_4.jpg"]'
              ,'2024-11-29 00:00:00+00','2025-07-10 00:00:10.245208+00',null,null),
            ( '172','53','1','crop_establishment','6bb2a5f9-31a2-451b-a5d8-3787f642bd27',null,
              'pending',null,
'["https://example.com/image_53_1.jpg","https://example.com/image_53_2.jpg","https://example.com/image_53_3.jpg","https://example.com/image_53_4.jpg"]'
              ,'2024-11-29 00:00:00+00','2025-07-10 00:00:10.245208+00',null,null),
            ( '173','54','1','crop_establishment','6bb2a5f9-31a2-451b-a5d8-3787f642bd27',null,
              'pending',null,
'["https://example.com/image_54_1.jpg","https://example.com/image_54_2.jpg","https://example.com/image_54_3.jpg","https://example.com/image_54_4.jpg"]'
              ,'2024-11-29 00:00:00+00','2025-07-10 00:00:10.245208+00',null,null),
            ( '174','55','1','crop_establishment','6bb2a5f9-31a2-451b-a5d8-3787f642bd27',null,
              'pending',null,
'["https://example.com/image_55_1.jpg","https://example.com/image_55_2.jpg","https://example.com/image_55_3.jpg","https://example.com/image_55_4.jpg"]'
              ,'2024-11-29 00:00:00+00','2025-07-10 00:00:10.245208+00',null,null),
            ( '175','56','1','crop_establishment','6bb2a5f9-31a2-451b-a5d8-3787f642bd27',null,
              'pending',null,
'["https://example.com/image_56_1.jpg","https://example.com/image_56_2.jpg","https://example.com/image_56_3.jpg","https://example.com/image_56_4.jpg"]'
              ,'2024-11-18 00:00:00+00','2025-07-10 00:00:10.245208+00',null,null),
            ( '176','57','1','crop_establishment','6bb2a5f9-31a2-451b-a5d8-3787f642bd27',null,
              'pending',null,
'["https://example.com/image_57_1.jpg","https://example.com/image_57_2.jpg","https://example.com/image_57_3.jpg","https://example.com/image_57_4.jpg"]'
              ,'2024-11-18 00:00:00+00','2025-07-10 00:00:10.245208+00',null,null),
            ( '177','58','1','crop_establishment','6bb2a5f9-31a2-451b-a5d8-3787f642bd27',null,
              'pending',null,
'["https://example.com/image_58_1.jpg","https://example.com/image_58_2.jpg","https://example.com/image_58_3.jpg","https://example.com/image_58_4.jpg"]'
              ,'2024-11-18 00:00:00+00','2025-07-10 00:00:10.245208+00',null,null),
            ( '178','59','1','crop_establishment','6bb2a5f9-31a2-451b-a5d8-3787f642bd27',null,
              'pending',null,
'["https://example.com/image_59_1.jpg","https://example.com/image_59_2.jpg","https://example.com/image_59_3.jpg","https://example.com/image_59_4.jpg"]'
              ,'2024-11-18 00:00:00+00','2025-07-10 00:00:10.245208+00',null,null),
            ( '179','60','1','crop_establishment','6bb2a5f9-31a2-451b-a5d8-3787f642bd27',null,
              'pending',null,
'["https://example.com/image_60_1.jpg","https://example.com/image_60_2.jpg","https://example.com/image_60_3.jpg","https://example.com/image_60_4.jpg"]'
              ,'2024-11-18 00:00:00+00','2025-07-10 00:00:10.245208+00',null,null),
            ( '180','61','1','crop_establishment','9cfc40b4-96ec-490b-9a77-95125fe60510',null,
              'pending',null,
'["https://example.com/image_61_1.jpg","https://example.com/image_61_2.jpg","https://example.com/image_61_3.jpg","https://example.com/image_61_4.jpg"]'
              ,'2025-01-09 00:00:00+00','2025-07-10 00:00:10.245208+00',null,null),
            ( '181','62','1','crop_establishment','548f0619-63ed-4e78-8cfb-0ccca097a400',null,
              'pending',null,
'["https://example.com/image_62_1.jpg","https://example.com/image_62_2.jpg","https://example.com/image_62_3.jpg","https://example.com/image_62_4.jpg"]'
              ,'2024-12-11 00:00:00+00','2025-07-10 00:00:10.245208+00',null,null),
            ( '182','63','1','crop_establishment','9cfc40b4-96ec-490b-9a77-95125fe60510',null,
              'pending',null,
'["https://example.com/image_63_1.jpg","https://example.com/image_63_2.jpg","https://example.com/image_63_3.jpg","https://example.com/image_63_4.jpg"]'
              ,'2024-11-27 00:00:00+00','2025-07-10 00:00:10.245208+00',null,null),
            ( '183','64','1','crop_establishment','9cfc40b4-96ec-490b-9a77-95125fe60510',null,
              'pending',null,
'["https://example.com/image_64_1.jpg","https://example.com/image_64_2.jpg","https://example.com/image_64_3.jpg","https://example.com/image_64_4.jpg"]'
              ,'2024-11-14 00:00:00+00','2025-07-10 00:00:10.245208+00',null,null),
            ( '184','65','1','crop_establishment','9cfc40b4-96ec-490b-9a77-95125fe60510',null,
              'pending',null,
'["https://example.com/image_65_1.jpg","https://example.com/image_65_2.jpg","https://example.com/image_65_3.jpg","https://example.com/image_65_4.jpg"]'
              ,'2024-11-14 00:00:00+00','2025-07-10 00:00:10.245208+00',null,null),
            ( '185','66','1','crop_establishment','9cfc40b4-96ec-490b-9a77-95125fe60510',null,
              'pending',null,
'["https://example.com/image_66_1.jpg","https://example.com/image_66_2.jpg","https://example.com/image_66_3.jpg","https://example.com/image_66_4.jpg"]'
              ,'2024-11-28 00:00:00+00','2025-07-10 00:00:10.245208+00',null,null),
            ( '186','67','1','crop_establishment','9cfc40b4-96ec-490b-9a77-95125fe60510',null,
              'pending',null,
'["https://example.com/image_67_1.jpg","https://example.com/image_67_2.jpg","https://example.com/image_67_3.jpg","https://example.com/image_67_4.jpg"]'
              ,'2024-11-28 00:00:00+00','2025-07-10 00:00:10.245208+00',null,null),
            ( '187','68','1','crop_establishment','9cfc40b4-96ec-490b-9a77-95125fe60510',null,
              'pending',null,
'["https://example.com/image_68_1.jpg","https://example.com/image_68_2.jpg","https://example.com/image_68_3.jpg","https://example.com/image_68_4.jpg"]'
              ,'2024-11-28 00:00:00+00','2025-07-10 00:00:10.245208+00',null,null),
            ( '188','69','1','crop_establishment','9cfc40b4-96ec-490b-9a77-95125fe60510',null,
              'pending',null,
'["https://example.com/image_69_1.jpg","https://example.com/image_69_2.jpg","https://example.com/image_69_3.jpg","https://example.com/image_69_4.jpg"]'
              ,'2024-11-28 00:00:00+00','2025-07-10 00:00:10.245208+00',null,null),
            ( '189','70','1','crop_establishment','9cfc40b4-96ec-490b-9a77-95125fe60510',null,
              'pending',null,
'["https://example.com/image_70_1.jpg","https://example.com/image_70_2.jpg","https://example.com/image_70_3.jpg","https://example.com/image_70_4.jpg"]'
              ,'2024-10-21 00:00:00+00','2025-07-10 00:00:10.245208+00',null,null),
            ( '190','71','1','crop_establishment','9cfc40b4-96ec-490b-9a77-95125fe60510',null,
              'pending',null,
'["https://example.com/image_71_1.jpg","https://example.com/image_71_2.jpg","https://example.com/image_71_3.jpg","https://example.com/image_71_4.jpg"]'
              ,'2024-11-29 00:00:00+00','2025-07-10 00:00:10.245208+00',null,null),
            ( '191','72','1','crop_establishment','9cfc40b4-96ec-490b-9a77-95125fe60510',null,
              'pending',null,
'["https://example.com/image_72_1.jpg","https://example.com/image_72_2.jpg","https://example.com/image_72_3.jpg","https://example.com/image_72_4.jpg"]'
              ,'2024-11-29 00:00:00+00','2025-07-10 00:00:10.245208+00',null,null),
            ( '192','73','1','crop_establishment','9cfc40b4-96ec-490b-9a77-95125fe60510',null,
              'pending',null,
'["https://example.com/image_73_1.jpg","https://example.com/image_73_2.jpg","https://example.com/image_73_3.jpg","https://example.com/image_73_4.jpg"]'
              ,'2024-11-14 00:00:00+00','2025-07-10 00:00:10.245208+00',null,null),
            ( '193','74','1','crop_establishment','9cfc40b4-96ec-490b-9a77-95125fe60510',null,
              'pending',null,
'["https://example.com/image_74_1.jpg","https://example.com/image_74_2.jpg","https://example.com/image_74_3.jpg","https://example.com/image_74_4.jpg"]'
              ,'2024-11-27 00:00:00+00','2025-07-10 00:00:10.245208+00',null,null),
            ( '194','75','1','crop_establishment','9cfc40b4-96ec-490b-9a77-95125fe60510',null,
              'pending',null,
'["https://example.com/image_75_1.jpg","https://example.com/image_75_2.jpg","https://example.com/image_75_3.jpg","https://example.com/image_75_4.jpg"]'
              ,'2024-11-27 00:00:00+00','2025-07-10 00:00:10.245208+00',null,null),
            ( '195','76','1','crop_establishment','9cfc40b4-96ec-490b-9a77-95125fe60510',null,
              'pending',null,
'["https://example.com/image_76_1.jpg","https://example.com/image_76_2.jpg","https://example.com/image_76_3.jpg","https://example.com/image_76_4.jpg"]'
              ,'2024-12-23 00:00:00+00','2025-07-10 00:00:10.245208+00',null,null),
            ( '196','77','1','crop_establishment','0fe4b652-0471-4e67-95ff-6823facf6d98',null,
              'pending',null,
'["https://example.com/image_77_1.jpg","https://example.com/image_77_2.jpg","https://example.com/image_77_3.jpg","https://example.com/image_77_4.jpg"]'
              ,'2024-11-18 00:00:00+00','2025-07-10 00:00:10.245208+00',null,null),
            ( '197','78','1','crop_establishment','0fe4b652-0471-4e67-95ff-6823facf6d98',null,
              'pending',null,
'["https://example.com/image_78_1.jpg","https://example.com/image_78_2.jpg","https://example.com/image_78_3.jpg","https://example.com/image_78_4.jpg"]'
              ,'2024-12-05 00:00:00+00','2025-07-10 00:00:10.245208+00',null,null),
            ( '198','79','1','crop_establishment','0fe4b652-0471-4e67-95ff-6823facf6d98',null,
              'pending',null,
'["https://example.com/image_79_1.jpg","https://example.com/image_79_2.jpg","https://example.com/image_79_3.jpg","https://example.com/image_79_4.jpg"]'
              ,'2024-11-18 00:00:00+00','2025-07-10 00:00:10.245208+00',null,null),
            ( '199','80','1','crop_establishment','0fe4b652-0471-4e67-95ff-6823facf6d98',null,
              'pending',null,
'["https://example.com/image_80_1.jpg","https://example.com/image_80_2.jpg","https://example.com/image_80_3.jpg","https://example.com/image_80_4.jpg"]'
              ,'2024-12-05 00:00:00+00','2025-07-10 00:00:10.245208+00',null,null),
            ( '200','81','1','crop_establishment','9cfc40b4-96ec-490b-9a77-95125fe60510',null,
              'pending',null,
'["https://example.com/image_81_1.jpg","https://example.com/image_81_2.jpg","https://example.com/image_81_3.jpg","https://example.com/image_81_4.jpg"]'
              ,'2024-10-24 00:00:00+00','2025-07-10 00:00:10.245208+00',null,null),
            ( '201','82','1','crop_establishment','9cfc40b4-96ec-490b-9a77-95125fe60510',null,
              'pending',null,
'["https://example.com/image_82_1.jpg","https://example.com/image_82_2.jpg","https://example.com/image_82_3.jpg","https://example.com/image_82_4.jpg"]'
              ,'2024-10-24 00:00:00+00','2025-07-10 00:00:10.245208+00',null,null),
            ( '202','83','1','crop_establishment','d6b4cbe4-2ea2-4669-9b7a-7e54fa9f074f',null,
              'pending',null,
'["https://example.com/image_83_1.jpg","https://example.com/image_83_2.jpg","https://example.com/image_83_3.jpg","https://example.com/image_83_4.jpg"]'
              ,'2024-10-02 00:00:00+00','2025-07-10 00:00:10.245208+00',null,null),
            ( '203','84','1','crop_establishment','d6b4cbe4-2ea2-4669-9b7a-7e54fa9f074f',null,
              'pending',null,
'["https://example.com/image_84_1.jpg","https://example.com/image_84_2.jpg","https://example.com/image_84_3.jpg","https://example.com/image_84_4.jpg"]'
              ,'2024-10-24 00:00:00+00','2025-07-10 00:00:10.245208+00',null,null),
            ( '204','85','1','crop_establishment','579385c0-bbcc-4a75-9b51-7b35c655c77e',null,
              'pending',null,
'["https://example.com/image_85_1.jpg","https://example.com/image_85_2.jpg","https://example.com/image_85_3.jpg","https://example.com/image_85_4.jpg"]'
              ,'2024-10-24 00:00:00+00','2025-07-10 00:00:10.245208+00',null,null),
            ( '205','86','1','crop_establishment','579385c0-bbcc-4a75-9b51-7b35c655c77e',null,
              'pending',null,
'["https://example.com/image_86_1.jpg","https://example.com/image_86_2.jpg","https://example.com/image_86_3.jpg","https://example.com/image_86_4.jpg"]'
              ,'2024-11-29 00:00:00+00','2025-07-10 00:00:10.245208+00',null,null),
            ( '206','87','1','crop_establishment','579385c0-bbcc-4a75-9b51-7b35c655c77e',null,
              'pending',null,
'["https://example.com/image_87_1.jpg","https://example.com/image_87_2.jpg","https://example.com/image_87_3.jpg","https://example.com/image_87_4.jpg"]'
              ,'2024-11-29 00:00:00+00','2025-07-10 00:00:10.245208+00',null,null),
            ( '207','88','1','crop_establishment','d6b4cbe4-2ea2-4669-9b7a-7e54fa9f074f',null,
              'pending',null,
'["https://example.com/image_88_1.jpg","https://example.com/image_88_2.jpg","https://example.com/image_88_3.jpg","https://example.com/image_88_4.jpg"]'
              ,'2024-11-06 00:00:00+00','2025-07-10 00:00:10.245208+00',null,null),
            ( '208','89','1','crop_establishment','d6b4cbe4-2ea2-4669-9b7a-7e54fa9f074f',null,
              'pending',null,
'["https://example.com/image_89_1.jpg","https://example.com/image_89_2.jpg","https://example.com/image_89_3.jpg","https://example.com/image_89_4.jpg"]'
              ,'2025-01-28 00:00:00+00','2025-07-10 00:00:10.245208+00',null,null),
            ( '209','90','1','crop_establishment','eeda11be-5094-4b8d-b818-8c5b472aa115',null,
              'pending',null,
'["https://example.com/image_90_1.jpg","https://example.com/image_90_2.jpg","https://example.com/image_90_3.jpg","https://example.com/image_90_4.jpg"]'
              ,'2025-01-12 00:00:00+00','2025-07-10 00:00:10.245208+00',null,null),
            ( '210','91','1','crop_establishment','eeda11be-5094-4b8d-b818-8c5b472aa115',null,
              'pending',null,
'["https://example.com/image_91_1.jpg","https://example.com/image_91_2.jpg","https://example.com/image_91_3.jpg","https://example.com/image_91_4.jpg"]'
              ,'2024-11-08 00:00:00+00','2025-07-10 00:00:10.245208+00',null,null),
            ( '211','92','1','crop_establishment','a2e74af1-5f93-4a19-8d05-47041db5c88d',null,
              'pending',null,
'["https://example.com/image_92_1.jpg","https://example.com/image_92_2.jpg","https://example.com/image_92_3.jpg","https://example.com/image_92_4.jpg"]'
              ,'2024-11-20 00:00:00+00','2025-07-10 00:00:10.245208+00',null,null),
            ( '212','93','1','crop_establishment','a2e74af1-5f93-4a19-8d05-47041db5c88d',null,
              'pending',null,
'["https://example.com/image_93_1.jpg","https://example.com/image_93_2.jpg","https://example.com/image_93_3.jpg","https://example.com/image_93_4.jpg"]'
              ,'2024-12-01 00:00:00+00','2025-07-10 00:00:10.245208+00',null,null),
            ( '213','94','1','crop_establishment','a2e74af1-5f93-4a19-8d05-47041db5c88d',null,
              'pending',null,
'["https://example.com/image_94_1.jpg","https://example.com/image_94_2.jpg","https://example.com/image_94_3.jpg","https://example.com/image_94_4.jpg"]'
              ,'2025-01-17 00:00:00+00','2025-07-10 00:00:10.245208+00',null,null),
            ( '214','95','1','crop_establishment','a2e74af1-5f93-4a19-8d05-47041db5c88d',null,
              'pending',null,
'["https://example.com/image_95_1.jpg","https://example.com/image_95_2.jpg","https://example.com/image_95_3.jpg","https://example.com/image_95_4.jpg"]'
              ,'2024-12-01 00:00:00+00','2025-07-10 00:00:10.245208+00',null,null),
            ( '215','96','1','crop_establishment','a2e74af1-5f93-4a19-8d05-47041db5c88d',null,
              'pending',null,
'["https://example.com/image_96_1.jpg","https://example.com/image_96_2.jpg","https://example.com/image_96_3.jpg","https://example.com/image_96_4.jpg"]'
              ,'2024-11-20 00:00:00+00','2025-07-10 00:00:10.245208+00',null,null),
            ( '216','97','1','crop_establishment','9cfc40b4-96ec-490b-9a77-95125fe60510',null,
              'pending',null,
'["https://example.com/image_97_1.jpg","https://example.com/image_97_2.jpg","https://example.com/image_97_3.jpg","https://example.com/image_97_4.jpg"]'
              ,'2024-01-29 00:00:00+00','2025-07-10 00:00:10.245208+00',null,null),
            ( '217','98','1','crop_establishment','a2e74af1-5f93-4a19-8d05-47041db5c88d',null,
              'pending',null,
'["https://example.com/image_98_1.jpg","https://example.com/image_98_2.jpg","https://example.com/image_98_3.jpg","https://example.com/image_98_4.jpg"]'
              ,'2025-03-03 00:00:00+00','2025-07-10 00:00:10.245208+00',null,null),
            ( '218','99','1','crop_establishment','9cfc40b4-96ec-490b-9a77-95125fe60510',null,
              'pending',null,
'["https://example.com/image_99_1.jpg","https://example.com/image_99_2.jpg","https://example.com/image_99_3.jpg","https://example.com/image_99_4.jpg"]'
              ,'2025-03-04 00:00:00+00','2025-07-10 00:00:10.245208+00',null,null),
            ( '219','100','1','crop_establishment','9cfc40b4-96ec-490b-9a77-95125fe60510',null,
              'pending',null,
'["https://example.com/image_100_1.jpg","https://example.com/image_100_2.jpg","https://example.com/image_100_3.jpg","https://example.com/image_100_4.jpg"]'
              ,'2024-11-26 00:00:00+00','2025-07-10 00:00:10.245208+00',null,null),
            ( '220','101','1','crop_establishment','9cfc40b4-96ec-490b-9a77-95125fe60510',null,
              'pending',null,
'["https://example.com/image_101_1.jpg","https://example.com/image_101_2.jpg","https://example.com/image_101_3.jpg","https://example.com/image_101_4.jpg"]'
              ,'2024-11-26 00:00:00+00','2025-07-10 00:00:10.245208+00',null,null),
            ( '221','102','1','crop_establishment','878ba0dd-71e5-4dac-bc05-f54aad2c582c',null,
              'pending',null,
'["https://example.com/image_102_1.jpg","https://example.com/image_102_2.jpg","https://example.com/image_102_3.jpg","https://example.com/image_102_4.jpg"]'
              ,'2024-11-04 00:00:00+00','2025-07-10 00:00:10.245208+00',null,null),
            ( '222','103','1','crop_establishment','9cfc40b4-96ec-490b-9a77-95125fe60510',null,
              'pending',null,
'["https://example.com/image_103_1.jpg","https://example.com/image_103_2.jpg","https://example.com/image_103_3.jpg","https://example.com/image_103_4.jpg"]'
              ,'2024-11-29 00:00:00+00','2025-07-10 00:00:10.245208+00',null,null),
            ( '223','104','1','crop_establishment','9cfc40b4-96ec-490b-9a77-95125fe60510',null,
              'pending',null,
'["https://example.com/image_104_1.jpg","https://example.com/image_104_2.jpg","https://example.com/image_104_3.jpg","https://example.com/image_104_4.jpg"]'
              ,'2024-11-15 00:00:00+00','2025-07-10 00:00:10.245208+00',null,null),
            ( '224','105','1','crop_establishment','9cfc40b4-96ec-490b-9a77-95125fe60510',null,
              'pending',null,
'["https://example.com/image_105_1.jpg","https://example.com/image_105_2.jpg","https://example.com/image_105_3.jpg","https://example.com/image_105_4.jpg"]'
              ,'2024-11-04 00:00:00+00','2025-07-10 00:00:10.245208+00',null,null),
            ( '225','106','1','crop_establishment','9cfc40b4-96ec-490b-9a77-95125fe60510',null,
              'pending',null,
'["https://example.com/image_106_1.jpg","https://example.com/image_106_2.jpg","https://example.com/image_106_3.jpg","https://example.com/image_106_4.jpg"]'
              ,'2024-11-04 00:00:00+00','2025-07-10 00:00:10.245208+00',null,null),
            ( '226','107','1','crop_establishment','9cfc40b4-96ec-490b-9a77-95125fe60510',null,
              'pending',null,
'["https://example.com/image_107_1.jpg","https://example.com/image_107_2.jpg","https://example.com/image_107_3.jpg","https://example.com/image_107_4.jpg"]'
              ,'2024-11-04 00:00:00+00','2025-07-10 00:00:10.245208+00',null,null),
            ( '227','108','1','crop_establishment','9cfc40b4-96ec-490b-9a77-95125fe60510',null,
              'pending',null,
'["https://example.com/image_108_1.jpg","https://example.com/image_108_2.jpg","https://example.com/image_108_3.jpg","https://example.com/image_108_4.jpg"]'
              ,'2024-11-04 00:00:00+00','2025-07-10 00:00:10.245208+00',null,null),
            ( '228','109','1','crop_establishment','9cfc40b4-96ec-490b-9a77-95125fe60510',null,
              'pending',null,
'["https://example.com/image_109_1.jpg","https://example.com/image_109_2.jpg","https://example.com/image_109_3.jpg","https://example.com/image_109_4.jpg"]'
              ,'2024-11-04 00:00:00+00','2025-07-10 00:00:10.245208+00',null,null),
            ( '229','110','1','crop_establishment','9cfc40b4-96ec-490b-9a77-95125fe60510',null,
              'pending',null,
'["https://example.com/image_110_1.jpg","https://example.com/image_110_2.jpg","https://example.com/image_110_3.jpg","https://example.com/image_110_4.jpg"]'
              ,'2024-11-15 00:00:00+00','2025-07-10 00:00:10.245208+00',null,null),
            ( '230','111','1','crop_establishment','749a67ec-fffb-4465-840f-e2e6be337abe',null,
              'pending',null,
'["https://example.com/image_111_1.jpg","https://example.com/image_111_2.jpg","https://example.com/image_111_3.jpg","https://example.com/image_111_4.jpg"]'
              ,'2024-10-22 00:00:00+00','2025-07-10 00:00:10.245208+00',null,null),
            ( '231','112','1','crop_establishment','749a67ec-fffb-4465-840f-e2e6be337abe',null,
              'pending',null,
'["https://example.com/image_112_1.jpg","https://example.com/image_112_2.jpg","https://example.com/image_112_3.jpg","https://example.com/image_112_4.jpg"]'
              ,'2024-10-22 00:00:00+00','2025-07-10 00:00:10.245208+00',null,null),
            ( '232','113','1','crop_establishment','eeb9c881-b8cd-4d2b-ae01-989947a86e1a',null,
              'pending',null,
'["https://example.com/image_113_1.jpg","https://example.com/image_113_2.jpg","https://example.com/image_113_3.jpg","https://example.com/image_113_4.jpg"]'
              ,'2024-10-22 00:00:00+00','2025-07-10 00:00:10.245208+00',null,null),
            ( '233','114','1','crop_establishment','2878fd73-539b-4583-8cbb-371a58ce6251',null,
              'pending',null,
'["https://example.com/image_114_1.jpg","https://example.com/image_114_2.jpg","https://example.com/image_114_3.jpg","https://example.com/image_114_4.jpg"]'
              ,'2024-10-22 00:00:00+00','2025-07-10 00:00:10.245208+00',null,null),
            ( '234','115','1','crop_establishment','eeb9c881-b8cd-4d2b-ae01-989947a86e1a',null,
              'pending',null,
'["https://example.com/image_115_1.jpg","https://example.com/image_115_2.jpg","https://example.com/image_115_3.jpg","https://example.com/image_115_4.jpg"]'
              ,'2024-10-22 00:00:00+00','2025-07-10 00:00:10.245208+00',null,null),
            ( '235','116','1','crop_establishment','9cfc40b4-96ec-490b-9a77-95125fe60510',null,
              'pending',null,
'["https://example.com/image_116_1.jpg","https://example.com/image_116_2.jpg","https://example.com/image_116_3.jpg","https://example.com/image_116_4.jpg"]'
              ,'2024-11-15 00:00:00+00','2025-07-10 00:00:10.245208+00',null,null),
            ( '236','117','1','crop_establishment','eeb9c881-b8cd-4d2b-ae01-989947a86e1a',null,
              'pending',null,
'["https://example.com/image_117_1.jpg","https://example.com/image_117_2.jpg","https://example.com/image_117_3.jpg","https://example.com/image_117_4.jpg"]'
              ,'2024-10-22 00:00:00+00','2025-07-10 00:00:10.245208+00',null,null),
            ( '237','118','1','crop_establishment','9cfc40b4-96ec-490b-9a77-95125fe60510',null,
              'pending',null,
'["https://example.com/image_118_1.jpg","https://example.com/image_118_2.jpg","https://example.com/image_118_3.jpg","https://example.com/image_118_4.jpg"]'
              ,'2024-10-22 00:00:00+00','2025-07-10 00:00:10.245208+00',null,null),
            ( '238','119','1','crop_establishment','9cfc40b4-96ec-490b-9a77-95125fe60510',null,
              'pending',null,
'["https://example.com/image_119_1.jpg","https://example.com/image_119_2.jpg","https://example.com/image_119_3.jpg","https://example.com/image_119_4.jpg"]'
              ,'2024-11-29 00:00:00+00','2025-07-10 00:00:10.245208+00',null,null),
            ( '239','1','1','fertilization_record','60e5e84e-5d9e-425f-8fbb-e2672c944537',null,
              'pending',null,
'["https://example.com/image_1_1.jpg","https://example.com/image_1_2.jpg","https://example.com/image_1_3.jpg","https://example.com/image_1_4.jpg"]'
              ,'2024-03-31 00:00:00+00','2025-07-10 00:00:10.245208+00',null,null),
            ( '240','2','1','fertilization_record','60e5e84e-5d9e-425f-8fbb-e2672c944537',null,
              'pending',null,
'["https://example.com/image_2_1.jpg","https://example.com/image_2_2.jpg","https://example.com/image_2_3.jpg","https://example.com/image_2_4.jpg"]'
              ,'2024-03-31 00:00:00+00','2025-07-10 00:00:10.245208+00',null,null),
            ( '241','3','2','fertilization_record','60e5e84e-5d9e-425f-8fbb-e2672c944537',null,
              'pending',null,
'["https://example.com/image_3_1.jpg","https://example.com/image_3_2.jpg","https://example.com/image_3_3.jpg","https://example.com/image_3_4.jpg"]'
              ,'2025-03-09 00:00:00+00','2025-07-10 00:00:10.245208+00',null,null),
            ( '242','4','2','fertilization_record','60e5e84e-5d9e-425f-8fbb-e2672c944537',null,
              'pending',null,
'["https://example.com/image_4_1.jpg","https://example.com/image_4_2.jpg","https://example.com/image_4_3.jpg","https://example.com/image_4_4.jpg"]'
              ,'2025-01-09 00:00:00+00','2025-07-10 00:00:10.245208+00',null,null),
            ( '243','5','2','fertilization_record','60e5e84e-5d9e-425f-8fbb-e2672c944537',null,
              'pending',null,
'["https://example.com/image_5_1.jpg","https://example.com/image_5_2.jpg","https://example.com/image_5_3.jpg","https://example.com/image_5_4.jpg"]'
              ,'2025-03-17 00:00:00+00','2025-07-10 00:00:10.245208+00',null,null),
            ( '244','6','2','fertilization_record','60e5e84e-5d9e-425f-8fbb-e2672c944537',null,
              'pending',null,
'["https://example.com/image_6_1.jpg","https://example.com/image_6_2.jpg","https://example.com/image_6_3.jpg","https://example.com/image_6_4.jpg"]'
              ,'2025-03-31 00:00:00+00','2025-07-10 00:00:10.245208+00',null,null),
            ( '245','7','2','fertilization_record','60e5e84e-5d9e-425f-8fbb-e2672c944537',null,
              'pending',null,
'["https://example.com/image_7_1.jpg","https://example.com/image_7_2.jpg","https://example.com/image_7_3.jpg","https://example.com/image_7_4.jpg"]'
              ,'2025-03-08 00:00:00+00','2025-07-10 00:00:10.245208+00',null,null),
            ( '246','8','2','fertilization_record','60e5e84e-5d9e-425f-8fbb-e2672c944537',null,
              'pending',null,
'["https://example.com/image_8_1.jpg","https://example.com/image_8_2.jpg","https://example.com/image_8_3.jpg","https://example.com/image_8_4.jpg"]'
              ,'2025-03-31 00:00:00+00','2025-07-10 00:00:10.245208+00',null,null),
            ( '247','9','2','fertilization_record','60e5e84e-5d9e-425f-8fbb-e2672c944537',null,
              'pending',null,
'["https://example.com/image_9_1.jpg","https://example.com/image_9_2.jpg","https://example.com/image_9_3.jpg","https://example.com/image_9_4.jpg"]'
              ,'2025-03-31 00:00:00+00','2025-07-10 00:00:10.245208+00',null,null),
            ( '248','10','2','fertilization_record','60e5e84e-5d9e-425f-8fbb-e2672c944537',null,
              'pending',null,
'["https://example.com/image_10_1.jpg","https://example.com/image_10_2.jpg","https://example.com/image_10_3.jpg","https://example.com/image_10_4.jpg"]'
              ,'2025-04-08 00:00:00+00','2025-07-10 00:00:10.245208+00',null,null),
            ( '249','11','2','fertilization_record','60e5e84e-5d9e-425f-8fbb-e2672c944537',null,
              'pending',null,
'["https://example.com/image_11_1.jpg","https://example.com/image_11_2.jpg","https://example.com/image_11_3.jpg","https://example.com/image_11_4.jpg"]'
              ,'2025-03-09 00:00:00+00','2025-07-10 00:00:10.245208+00',null,null),
            ( '250','12','2','fertilization_record','60e5e84e-5d9e-425f-8fbb-e2672c944537',null,
              'pending',null,
'["https://example.com/image_12_1.jpg","https://example.com/image_12_2.jpg","https://example.com/image_12_3.jpg","https://example.com/image_12_4.jpg"]'
              ,'2025-03-08 00:00:00+00','2025-07-10 00:00:10.245208+00',null,null),
            ( '251','13','2','fertilization_record','60e5e84e-5d9e-425f-8fbb-e2672c944537',null,
              'pending',null,
'["https://example.com/image_13_1.jpg","https://example.com/image_13_2.jpg","https://example.com/image_13_3.jpg","https://example.com/image_13_4.jpg"]'
              ,'2025-03-09 00:00:00+00','2025-07-10 00:00:10.245208+00',null,null),
            ( '252','14','2','fertilization_record','60e5e84e-5d9e-425f-8fbb-e2672c944537',null,
              'pending',null,
'["https://example.com/image_14_1.jpg","https://example.com/image_14_2.jpg","https://example.com/image_14_3.jpg","https://example.com/image_14_4.jpg"]'
              ,'2025-03-10 00:00:00+00','2025-07-10 00:00:10.245208+00',null,null),
            ( '253','15','2','fertilization_record','60e5e84e-5d9e-425f-8fbb-e2672c944537',null,
              'pending',null,
'["https://example.com/image_15_1.jpg","https://example.com/image_15_2.jpg","https://example.com/image_15_3.jpg","https://example.com/image_15_4.jpg"]'
              ,'2025-03-10 00:00:00+00','2025-07-10 00:00:10.245208+00',null,null),
            ( '254','16','2','fertilization_record','60e5e84e-5d9e-425f-8fbb-e2672c944537',null,
              'pending',null,
'["https://example.com/image_16_1.jpg","https://example.com/image_16_2.jpg","https://example.com/image_16_3.jpg","https://example.com/image_16_4.jpg"]'
              ,'2025-04-14 00:00:00+00','2025-07-10 00:00:10.245208+00',null,null),
            ( '255','17','2','fertilization_record','60e5e84e-5d9e-425f-8fbb-e2672c944537',null,
              'pending',null,
'["https://example.com/image_17_1.jpg","https://example.com/image_17_2.jpg","https://example.com/image_17_3.jpg","https://example.com/image_17_4.jpg"]'
              ,'2025-05-14 00:00:00+00','2025-07-10 00:00:10.245208+00',null,null),
            ( '256','18','2','fertilization_record','60e5e84e-5d9e-425f-8fbb-e2672c944537',null,
              'pending',null,
'["https://example.com/image_18_1.jpg","https://example.com/image_18_2.jpg","https://example.com/image_18_3.jpg","https://example.com/image_18_4.jpg"]'
              ,'2025-04-14 00:00:00+00','2025-07-10 00:00:10.245208+00',null,null),
            ( '257','19','2','fertilization_record','60e5e84e-5d9e-425f-8fbb-e2672c944537',null,
              'pending',null,
'["https://example.com/image_19_1.jpg","https://example.com/image_19_2.jpg","https://example.com/image_19_3.jpg","https://example.com/image_19_4.jpg"]'
              ,'2025-04-14 00:00:00+00','2025-07-10 00:00:10.245208+00',null,null),
            ( '258','20','2','fertilization_record','60e5e84e-5d9e-425f-8fbb-e2672c944537',null,
              'pending',null,
'["https://example.com/image_20_1.jpg","https://example.com/image_20_2.jpg","https://example.com/image_20_3.jpg","https://example.com/image_20_4.jpg"]'
              ,'2025-04-14 00:00:00+00','2025-07-10 00:00:10.245208+00',null,null),
            ( '259','21','2','fertilization_record','60e5e84e-5d9e-425f-8fbb-e2672c944537',null,
              'pending',null,
'["https://example.com/image_21_1.jpg","https://example.com/image_21_2.jpg","https://example.com/image_21_3.jpg","https://example.com/image_21_4.jpg"]'
              ,'2025-02-25 00:00:00+00','2025-07-10 00:00:10.245208+00',null,null),
            ( '260','22','2','fertilization_record','60e5e84e-5d9e-425f-8fbb-e2672c944537',null,
              'pending',null,
'["https://example.com/image_22_1.jpg","https://example.com/image_22_2.jpg","https://example.com/image_22_3.jpg","https://example.com/image_22_4.jpg"]'
              ,'2025-03-09 00:00:00+00','2025-07-10 00:00:10.245208+00',null,null),
            ( '261','23','2','fertilization_record','60e5e84e-5d9e-425f-8fbb-e2672c944537',null,
              'pending',null,
'["https://example.com/image_23_1.jpg","https://example.com/image_23_2.jpg","https://example.com/image_23_3.jpg","https://example.com/image_23_4.jpg"]'
              ,'2025-01-14 00:00:00+00','2025-07-10 00:00:10.245208+00',null,null),
            ( '262','24','2','fertilization_record','60e5e84e-5d9e-425f-8fbb-e2672c944537',null,
              'pending',null,
'["https://example.com/image_24_1.jpg","https://example.com/image_24_2.jpg","https://example.com/image_24_3.jpg","https://example.com/image_24_4.jpg"]'
              ,'2025-03-11 00:00:00+00','2025-07-10 00:00:10.245208+00',null,null),
            ( '263','25','2','fertilization_record','60e5e84e-5d9e-425f-8fbb-e2672c944537',null,
              'pending',null,
'["https://example.com/image_25_1.jpg","https://example.com/image_25_2.jpg","https://example.com/image_25_3.jpg","https://example.com/image_25_4.jpg"]'
              ,'2025-02-17 00:00:00+00','2025-07-10 00:00:10.245208+00',null,null),
            ( '264','26','2','fertilization_record','60e5e84e-5d9e-425f-8fbb-e2672c944537',null,
              'pending',null,
'["https://example.com/image_26_1.jpg","https://example.com/image_26_2.jpg","https://example.com/image_26_3.jpg","https://example.com/image_26_4.jpg"]'
              ,'2025-02-20 00:00:00+00','2025-07-10 00:00:10.245208+00',null,null),
            ( '265','27','2','fertilization_record','60e5e84e-5d9e-425f-8fbb-e2672c944537',null,
              'pending',null,
'["https://example.com/image_27_1.jpg","https://example.com/image_27_2.jpg","https://example.com/image_27_3.jpg","https://example.com/image_27_4.jpg"]'
              ,'2025-03-03 00:00:00+00','2025-07-10 00:00:10.245208+00',null,null),
            ( '266','28','2','fertilization_record','60e5e84e-5d9e-425f-8fbb-e2672c944537',null,
              'pending',null,
'["https://example.com/image_28_1.jpg","https://example.com/image_28_2.jpg","https://example.com/image_28_3.jpg","https://example.com/image_28_4.jpg"]'
              ,'2025-04-07 00:00:00+00','2025-07-10 00:00:10.245208+00',null,null),
            ( '267','29','2','fertilization_record','60e5e84e-5d9e-425f-8fbb-e2672c944537',null,
              'pending',null,
'["https://example.com/image_29_1.jpg","https://example.com/image_29_2.jpg","https://example.com/image_29_3.jpg","https://example.com/image_29_4.jpg"]'
              ,'2025-03-03 00:00:00+00','2025-07-10 00:00:10.245208+00',null,null),
            ( '268','30','2','fertilization_record','60e5e84e-5d9e-425f-8fbb-e2672c944537',null,
              'pending',null,
'["https://example.com/image_30_1.jpg","https://example.com/image_30_2.jpg","https://example.com/image_30_3.jpg","https://example.com/image_30_4.jpg"]'
              ,'2025-02-13 00:00:00+00','2025-07-10 00:00:10.245208+00',null,null),
            ( '269','31','2','fertilization_record','60e5e84e-5d9e-425f-8fbb-e2672c944537',null,
              'pending',null,
'["https://example.com/image_31_1.jpg","https://example.com/image_31_2.jpg","https://example.com/image_31_3.jpg","https://example.com/image_31_4.jpg"]'
              ,'2025-02-18 00:00:00+00','2025-07-10 00:00:10.245208+00',null,null),
            ( '270','32','2','fertilization_record','60e5e84e-5d9e-425f-8fbb-e2672c944537',null,
              'pending',null,
'["https://example.com/image_32_1.jpg","https://example.com/image_32_2.jpg","https://example.com/image_32_3.jpg","https://example.com/image_32_4.jpg"]'
              ,'2025-02-18 00:00:00+00','2025-07-10 00:00:10.245208+00',null,null),
            ( '271','33','2','fertilization_record','60e5e84e-5d9e-425f-8fbb-e2672c944537',null,
              'pending',null,
'["https://example.com/image_33_1.jpg","https://example.com/image_33_2.jpg","https://example.com/image_33_3.jpg","https://example.com/image_33_4.jpg"]'
              ,'2025-02-18 00:00:00+00','2025-07-10 00:00:10.245208+00',null,null),
            ( '272','34','2','fertilization_record','60e5e84e-5d9e-425f-8fbb-e2672c944537',null,
              'pending',null,
'["https://example.com/image_34_1.jpg","https://example.com/image_34_2.jpg","https://example.com/image_34_3.jpg","https://example.com/image_34_4.jpg"]'
              ,'2025-02-28 00:00:00+00','2025-07-10 00:00:10.245208+00',null,null),
            ( '273','35','2','fertilization_record','60e5e84e-5d9e-425f-8fbb-e2672c944537',null,
              'pending',null,
'["https://example.com/image_35_1.jpg","https://example.com/image_35_2.jpg","https://example.com/image_35_3.jpg","https://example.com/image_35_4.jpg"]'
              ,'2025-02-18 00:00:00+00','2025-07-10 00:00:10.245208+00',null,null),
            ( '274','36','2','fertilization_record','60e5e84e-5d9e-425f-8fbb-e2672c944537',null,
              'pending',null,
'["https://example.com/image_36_1.jpg","https://example.com/image_36_2.jpg","https://example.com/image_36_3.jpg","https://example.com/image_36_4.jpg"]'
              ,'2025-03-09 00:00:00+00','2025-07-10 00:00:10.245208+00',null,null),
            ( '275','37','2','fertilization_record','60e5e84e-5d9e-425f-8fbb-e2672c944537',null,
              'pending',null,
'["https://example.com/image_37_1.jpg","https://example.com/image_37_2.jpg","https://example.com/image_37_3.jpg","https://example.com/image_37_4.jpg"]'
              ,'2025-03-09 00:00:00+00','2025-07-10 00:00:10.245208+00',null,null),
            ( '276','38','2','fertilization_record','60e5e84e-5d9e-425f-8fbb-e2672c944537',null,
              'pending',null,
'["https://example.com/image_38_1.jpg","https://example.com/image_38_2.jpg","https://example.com/image_38_3.jpg","https://example.com/image_38_4.jpg"]'
              ,'2025-01-07 00:00:00+00','2025-07-10 00:00:10.245208+00',null,null),
            ( '277','39','2','fertilization_record','60e5e84e-5d9e-425f-8fbb-e2672c944537',null,
              'pending',null,
'["https://example.com/image_39_1.jpg","https://example.com/image_39_2.jpg","https://example.com/image_39_3.jpg","https://example.com/image_39_4.jpg"]'
              ,'2025-02-25 00:00:00+00','2025-07-10 00:00:10.245208+00',null,null),
            ( '278','40','2','fertilization_record','60e5e84e-5d9e-425f-8fbb-e2672c944537',null,
              'pending',null,
'["https://example.com/image_40_1.jpg","https://example.com/image_40_2.jpg","https://example.com/image_40_3.jpg","https://example.com/image_40_4.jpg"]'
              ,'2025-01-25 00:00:00+00','2025-07-10 00:00:10.245208+00',null,null),
            ( '279','41','2','fertilization_record','60e5e84e-5d9e-425f-8fbb-e2672c944537',null,
              'pending',null,
'["https://example.com/image_41_1.jpg","https://example.com/image_41_2.jpg","https://example.com/image_41_3.jpg","https://example.com/image_41_4.jpg"]'
              ,'2025-03-16 00:00:00+00','2025-07-10 00:00:10.245208+00',null,null),
            ( '280','42','2','fertilization_record','60e5e84e-5d9e-425f-8fbb-e2672c944537',null,
              'pending',null,
'["https://example.com/image_42_1.jpg","https://example.com/image_42_2.jpg","https://example.com/image_42_3.jpg","https://example.com/image_42_4.jpg"]'
              ,'2025-03-16 00:00:00+00','2025-07-10 00:00:10.245208+00',null,null),
            ( '281','43','2','fertilization_record','60e5e84e-5d9e-425f-8fbb-e2672c944537',null,
              'pending',null,
'["https://example.com/image_43_1.jpg","https://example.com/image_43_2.jpg","https://example.com/image_43_3.jpg","https://example.com/image_43_4.jpg"]'
              ,'2025-02-01 00:00:00+00','2025-07-10 00:00:10.245208+00',null,null),
            ( '282','44','2','fertilization_record','60e5e84e-5d9e-425f-8fbb-e2672c944537',null,
              'pending',null,
'["https://example.com/image_44_1.jpg","https://example.com/image_44_2.jpg","https://example.com/image_44_3.jpg","https://example.com/image_44_4.jpg"]'
              ,'2025-12-19 00:00:00+00','2025-07-10 00:00:10.245208+00',null,null),
            ( '283','45','2','fertilization_record','60e5e84e-5d9e-425f-8fbb-e2672c944537',null,
              'pending',null,
'["https://example.com/image_45_1.jpg","https://example.com/image_45_2.jpg","https://example.com/image_45_3.jpg","https://example.com/image_45_4.jpg"]'
              ,'2025-03-16 00:00:00+00','2025-07-10 00:00:10.245208+00',null,null),
            ( '284','46','2','fertilization_record','60e5e84e-5d9e-425f-8fbb-e2672c944537',null,
              'pending',null,
'["https://example.com/image_46_1.jpg","https://example.com/image_46_2.jpg","https://example.com/image_46_3.jpg","https://example.com/image_46_4.jpg"]'
              ,'2025-01-22 00:00:00+00','2025-07-10 00:00:10.245208+00',null,null),
            ( '285','47','2','fertilization_record','60e5e84e-5d9e-425f-8fbb-e2672c944537',null,
              'pending',null,
'["https://example.com/image_47_1.jpg","https://example.com/image_47_2.jpg","https://example.com/image_47_3.jpg","https://example.com/image_47_4.jpg"]'
              ,'2025-02-24 00:00:00+00','2025-07-10 00:00:10.245208+00',null,null),
            ( '286','48','2','fertilization_record','60e5e84e-5d9e-425f-8fbb-e2672c944537',null,
              'pending',null,
'["https://example.com/image_48_1.jpg","https://example.com/image_48_2.jpg","https://example.com/image_48_3.jpg","https://example.com/image_48_4.jpg"]'
              ,'2025-05-28 00:00:00+00','2025-07-10 00:00:10.245208+00',null,null),
            ( '287','49','2','fertilization_record','60e5e84e-5d9e-425f-8fbb-e2672c944537',null,
              'pending',null,
'["https://example.com/image_49_1.jpg","https://example.com/image_49_2.jpg","https://example.com/image_49_3.jpg","https://example.com/image_49_4.jpg"]'
              ,'2025-01-22 00:00:00+00','2025-07-10 00:00:10.245208+00',null,null),
            ( '288','50','2','fertilization_record','60e5e84e-5d9e-425f-8fbb-e2672c944537',null,
              'pending',null,
'["https://example.com/image_50_1.jpg","https://example.com/image_50_2.jpg","https://example.com/image_50_3.jpg","https://example.com/image_50_4.jpg"]'
              ,'2025-01-28 00:00:00+00','2025-07-10 00:00:10.245208+00',null,null),
            ( '289','51','2','fertilization_record','9cfc40b4-96ec-490b-9a77-95125fe60510',null,
              'pending',null,
'["https://example.com/image_51_1.jpg","https://example.com/image_51_2.jpg","https://example.com/image_51_3.jpg","https://example.com/image_51_4.jpg"]'
              ,'2025-05-27 00:00:00+00','2025-07-10 00:00:10.245208+00',null,null),
            ( '290','52','2','fertilization_record','9cfc40b4-96ec-490b-9a77-95125fe60510',null,
              'pending',null,
'["https://example.com/image_52_1.jpg","https://example.com/image_52_2.jpg","https://example.com/image_52_3.jpg","https://example.com/image_52_4.jpg"]'
              ,'2025-03-12 00:00:00+00','2025-07-10 00:00:10.245208+00',null,null),
            ( '291','53','2','fertilization_record','9cfc40b4-96ec-490b-9a77-95125fe60510',null,
              'pending',null,
'["https://example.com/image_53_1.jpg","https://example.com/image_53_2.jpg","https://example.com/image_53_3.jpg","https://example.com/image_53_4.jpg"]'
              ,'2025-05-22 00:00:00+00','2025-07-10 00:00:10.245208+00',null,null),
            ( '292','54','2','fertilization_record','9cfc40b4-96ec-490b-9a77-95125fe60510',null,
              'pending',null,
'["https://example.com/image_54_1.jpg","https://example.com/image_54_2.jpg","https://example.com/image_54_3.jpg","https://example.com/image_54_4.jpg"]'
              ,'2025-02-24 00:00:00+00','2025-07-10 00:00:10.245208+00',null,null),
            ( '293','55','2','fertilization_record','9cfc40b4-96ec-490b-9a77-95125fe60510',null,
              'pending',null,
'["https://example.com/image_55_1.jpg","https://example.com/image_55_2.jpg","https://example.com/image_55_3.jpg","https://example.com/image_55_4.jpg"]'
              ,'2025-02-13 00:00:00+00','2025-07-10 00:00:10.245208+00',null,null),
            ( '294','56','2','fertilization_record','9cfc40b4-96ec-490b-9a77-95125fe60510',null,
              'pending',null,
'["https://example.com/image_56_1.jpg","https://example.com/image_56_2.jpg","https://example.com/image_56_3.jpg","https://example.com/image_56_4.jpg"]'
              ,'2025-03-11 00:00:00+00','2025-07-10 00:00:10.245208+00',null,null),
            ( '295','57','2','fertilization_record','9cfc40b4-96ec-490b-9a77-95125fe60510',null,
              'pending',null,
'["https://example.com/image_57_1.jpg","https://example.com/image_57_2.jpg","https://example.com/image_57_3.jpg","https://example.com/image_57_4.jpg"]'
              ,'2025-03-11 00:00:00+00','2025-07-10 00:00:10.245208+00',null,null),
            ( '296','58','2','fertilization_record','9cfc40b4-96ec-490b-9a77-95125fe60510',null,
              'pending',null,
'["https://example.com/image_58_1.jpg","https://example.com/image_58_2.jpg","https://example.com/image_58_3.jpg","https://example.com/image_58_4.jpg"]'
              ,'2025-04-06 00:00:00+00','2025-07-10 00:00:10.245208+00',null,null),
            ( '297','59','2','fertilization_record','9cfc40b4-96ec-490b-9a77-95125fe60510',null,
              'pending',null,
'["https://example.com/image_59_1.jpg","https://example.com/image_59_2.jpg","https://example.com/image_59_3.jpg","https://example.com/image_59_4.jpg"]'
              ,'2025-03-11 00:00:00+00','2025-07-10 00:00:10.245208+00',null,null),
            ( '298','60','2','fertilization_record','9cfc40b4-96ec-490b-9a77-95125fe60510',null,
              'pending',null,
'["https://example.com/image_60_1.jpg","https://example.com/image_60_2.jpg","https://example.com/image_60_3.jpg","https://example.com/image_60_4.jpg"]'
              ,'2025-04-06 00:00:00+00','2025-07-10 00:00:10.245208+00',null,null),
            ( '299','61','2','fertilization_record','9cfc40b4-96ec-490b-9a77-95125fe60510',null,
              'pending',null,
'["https://example.com/image_61_1.jpg","https://example.com/image_61_2.jpg","https://example.com/image_61_3.jpg","https://example.com/image_61_4.jpg"]'
              ,'2025-04-01 00:00:00+00','2025-07-10 00:00:10.245208+00',null,null),
            ( '300','62','2','fertilization_record','9cfc40b4-96ec-490b-9a77-95125fe60510',null,
              'pending',null,
'["https://example.com/image_62_1.jpg","https://example.com/image_62_2.jpg","https://example.com/image_62_3.jpg","https://example.com/image_62_4.jpg"]'
              ,'2025-03-31 00:00:00+00','2025-07-10 00:00:10.245208+00',null,null),
            ( '301','63','2','fertilization_record','9cfc40b4-96ec-490b-9a77-95125fe60510',null,
              'pending',null,
'["https://example.com/image_63_1.jpg","https://example.com/image_63_2.jpg","https://example.com/image_63_3.jpg","https://example.com/image_63_4.jpg"]'
              ,'2025-02-27 00:00:00+00','2025-07-10 00:00:10.245208+00',null,null),
            ( '302','64','2','fertilization_record','9cfc40b4-96ec-490b-9a77-95125fe60510',null,
              'pending',null,
'["https://example.com/image_64_1.jpg","https://example.com/image_64_2.jpg","https://example.com/image_64_3.jpg","https://example.com/image_64_4.jpg"]'
              ,'2025-03-11 00:00:00+00','2025-07-10 00:00:10.245208+00',null,null),
            ( '303','65','2','fertilization_record','9cfc40b4-96ec-490b-9a77-95125fe60510',null,
              'pending',null,
'["https://example.com/image_65_1.jpg","https://example.com/image_65_2.jpg","https://example.com/image_65_3.jpg","https://example.com/image_65_4.jpg"]'
              ,'2025-02-05 00:00:00+00','2025-07-10 00:00:10.245208+00',null,null),
            ( '304','66','2','fertilization_record','9cfc40b4-96ec-490b-9a77-95125fe60510',null,
              'pending',null,
'["https://example.com/image_66_1.jpg","https://example.com/image_66_2.jpg","https://example.com/image_66_3.jpg","https://example.com/image_66_4.jpg"]'
              ,'2025-02-26 00:00:00+00','2025-07-10 00:00:10.245208+00',null,null),
            ( '305','67','2','fertilization_record','9cfc40b4-96ec-490b-9a77-95125fe60510',null,
              'pending',null,
'["https://example.com/image_67_1.jpg","https://example.com/image_67_2.jpg","https://example.com/image_67_3.jpg","https://example.com/image_67_4.jpg"]'
              ,'2025-02-26 00:00:00+00','2025-07-10 00:00:10.245208+00',null,null),
            ( '306','68','2','fertilization_record','9cfc40b4-96ec-490b-9a77-95125fe60510',null,
              'pending',null,
'["https://example.com/image_68_1.jpg","https://example.com/image_68_2.jpg","https://example.com/image_68_3.jpg","https://example.com/image_68_4.jpg"]'
              ,'2025-02-05 00:00:00+00','2025-07-10 00:00:10.245208+00',null,null),
            ( '307','69','2','fertilization_record','9cfc40b4-96ec-490b-9a77-95125fe60510',null,
              'pending',null,
'["https://example.com/image_69_1.jpg","https://example.com/image_69_2.jpg","https://example.com/image_69_3.jpg","https://example.com/image_69_4.jpg"]'
              ,'2025-02-14 00:00:00+00','2025-07-10 00:00:10.245208+00',null,null),
            ( '308','70','2','fertilization_record','9cfc40b4-96ec-490b-9a77-95125fe60510',null,
              'pending',null,
'["https://example.com/image_70_1.jpg","https://example.com/image_70_2.jpg","https://example.com/image_70_3.jpg","https://example.com/image_70_4.jpg"]'
              ,'2025-02-14 00:00:00+00','2025-07-10 00:00:10.245208+00',null,null),
            ( '309','71','2','fertilization_record','9cfc40b4-96ec-490b-9a77-95125fe60510',null,
              'pending',null,
'["https://example.com/image_71_1.jpg","https://example.com/image_71_2.jpg","https://example.com/image_71_3.jpg","https://example.com/image_71_4.jpg"]'
              ,'2025-02-18 00:00:00+00','2025-07-10 00:00:10.245208+00',null,null),
            ( '310','72','2','fertilization_record','9cfc40b4-96ec-490b-9a77-95125fe60510',null,
              'pending',null,
'["https://example.com/image_72_1.jpg","https://example.com/image_72_2.jpg","https://example.com/image_72_3.jpg","https://example.com/image_72_4.jpg"]'
              ,'2025-02-05 00:00:00+00','2025-07-10 00:00:10.245208+00',null,null),
            ( '311','73','2','fertilization_record','9cfc40b4-96ec-490b-9a77-95125fe60510',null,
              'pending',null,
'["https://example.com/image_73_1.jpg","https://example.com/image_73_2.jpg","https://example.com/image_73_3.jpg","https://example.com/image_73_4.jpg"]'
              ,'2025-02-17 00:00:00+00','2025-07-10 00:00:10.245208+00',null,null),
            ( '312','74','2','fertilization_record','9cfc40b4-96ec-490b-9a77-95125fe60510',null,
              'pending',null,
'["https://example.com/image_74_1.jpg","https://example.com/image_74_2.jpg","https://example.com/image_74_3.jpg","https://example.com/image_74_4.jpg"]'
              ,'2025-03-03 00:00:00+00','2025-07-10 00:00:10.245208+00',null,null),
            ( '313','75','2','fertilization_record','9cfc40b4-96ec-490b-9a77-95125fe60510',null,
              'pending',null,
'["https://example.com/image_75_1.jpg","https://example.com/image_75_2.jpg","https://example.com/image_75_3.jpg","https://example.com/image_75_4.jpg"]'
              ,'2025-02-25 00:00:00+00','2025-07-10 00:00:10.245208+00',null,null),
            ( '314','76','2','fertilization_record','9cfc40b4-96ec-490b-9a77-95125fe60510',null,
              'pending',null,
'["https://example.com/image_76_1.jpg","https://example.com/image_76_2.jpg","https://example.com/image_76_3.jpg","https://example.com/image_76_4.jpg"]'
              ,'2025-02-18 00:00:00+00','2025-07-10 00:00:10.245208+00',null,null),
            ( '315','77','2','fertilization_record','9cfc40b4-96ec-490b-9a77-95125fe60510',null,
              'pending',null,
'["https://example.com/image_77_1.jpg","https://example.com/image_77_2.jpg","https://example.com/image_77_3.jpg","https://example.com/image_77_4.jpg"]'
              ,'2025-02-05 00:00:00+00','2025-07-10 00:00:10.245208+00',null,null),
            ( '316','78','2','fertilization_record','9cfc40b4-96ec-490b-9a77-95125fe60510',null,
              'pending',null,
'["https://example.com/image_78_1.jpg","https://example.com/image_78_2.jpg","https://example.com/image_78_3.jpg","https://example.com/image_78_4.jpg"]'
              ,'2025-02-05 00:00:00+00','2025-07-10 00:00:10.245208+00',null,null),
            ( '317','79','2','fertilization_record','9cfc40b4-96ec-490b-9a77-95125fe60510',null,
              'pending',null,
'["https://example.com/image_79_1.jpg","https://example.com/image_79_2.jpg","https://example.com/image_79_3.jpg","https://example.com/image_79_4.jpg"]'
              ,'2025-01-27 00:00:00+00','2025-07-10 00:00:10.245208+00',null,null),
            ( '318','80','2','fertilization_record','9cfc40b4-96ec-490b-9a77-95125fe60510',null,
              'pending',null,
'["https://example.com/image_80_1.jpg","https://example.com/image_80_2.jpg","https://example.com/image_80_3.jpg","https://example.com/image_80_4.jpg"]'
              ,'2025-02-28 00:00:00+00','2025-07-10 00:00:10.245208+00',null,null),
            ( '319','81','2','fertilization_record','9cfc40b4-96ec-490b-9a77-95125fe60510',null,
              'pending',null,
'["https://example.com/image_81_1.jpg","https://example.com/image_81_2.jpg","https://example.com/image_81_3.jpg","https://example.com/image_81_4.jpg"]'
              ,'2025-01-17 00:00:00+00','2025-07-10 00:00:10.245208+00',null,null),
            ( '320','82','2','fertilization_record','9cfc40b4-96ec-490b-9a77-95125fe60510',null,
              'pending',null,
'["https://example.com/image_82_1.jpg","https://example.com/image_82_2.jpg","https://example.com/image_82_3.jpg","https://example.com/image_82_4.jpg"]'
              ,'2025-01-01 00:00:00+00','2025-07-10 00:00:10.245208+00',null,null),
            ( '321','83','1','fertilization_record','d6b4cbe4-2ea2-4669-9b7a-7e54fa9f074f',null,
              'pending',null,
'["https://example.com/image_83_1.jpg","https://example.com/image_83_2.jpg","https://example.com/image_83_3.jpg","https://example.com/image_83_4.jpg"]'
              ,'2024-12-12 00:00:00+00','2025-07-10 00:00:10.245208+00',null,null),
            ( '322','84','1','fertilization_record','d6b4cbe4-2ea2-4669-9b7a-7e54fa9f074f',null,
              'pending',null,
'["https://example.com/image_84_1.jpg","https://example.com/image_84_2.jpg","https://example.com/image_84_3.jpg","https://example.com/image_84_4.jpg"]'
              ,'2024-12-12 00:00:00+00','2025-07-10 00:00:10.245208+00',null,null),
            ( '323','85','2','fertilization_record','579385c0-bbcc-4a75-9b51-7b35c655c77e',null,
              'pending',null,
'["https://example.com/image_85_1.jpg","https://example.com/image_85_2.jpg","https://example.com/image_85_3.jpg","https://example.com/image_85_4.jpg"]'
              ,'2025-01-01 00:00:00+00','2025-07-10 00:00:10.245208+00',null,null),
            ( '324','86','2','fertilization_record','579385c0-bbcc-4a75-9b51-7b35c655c77e',null,
              'pending',null,
'["https://example.com/image_86_1.jpg","https://example.com/image_86_2.jpg","https://example.com/image_86_3.jpg","https://example.com/image_86_4.jpg"]'
              ,'2025-01-15 00:00:00+00','2025-07-10 00:00:10.245208+00',null,null),
            ( '325','87','2','fertilization_record','579385c0-bbcc-4a75-9b51-7b35c655c77e',null,
              'pending',null,
'["https://example.com/image_87_1.jpg","https://example.com/image_87_2.jpg","https://example.com/image_87_3.jpg","https://example.com/image_87_4.jpg"]'
              ,'2025-01-15 00:00:00+00','2025-07-10 00:00:10.245208+00',null,null),
            ( '326','88','2','fertilization_record','d6b4cbe4-2ea2-4669-9b7a-7e54fa9f074f',null,
              'pending',null,
'["https://example.com/image_88_1.jpg","https://example.com/image_88_2.jpg","https://example.com/image_88_3.jpg","https://example.com/image_88_4.jpg"]'
              ,'2025-01-01 00:00:00+00','2025-07-10 00:00:10.245208+00',null,null),
            ( '327','89','2','fertilization_record','d6b4cbe4-2ea2-4669-9b7a-7e54fa9f074f',null,
              'pending',null,
'["https://example.com/image_89_1.jpg","https://example.com/image_89_2.jpg","https://example.com/image_89_3.jpg","https://example.com/image_89_4.jpg"]'
              ,'2025-03-05 00:00:00+00','2025-07-10 00:00:10.245208+00',null,null),
            ( '328','90','2','fertilization_record','eeda11be-5094-4b8d-b818-8c5b472aa115',null,
              'pending',null,
'["https://example.com/image_90_1.jpg","https://example.com/image_90_2.jpg","https://example.com/image_90_3.jpg","https://example.com/image_90_4.jpg"]'
              ,'2025-02-28 00:00:00+00','2025-07-10 00:00:10.245208+00',null,null),
            ( '329','91','2','fertilization_record','eeda11be-5094-4b8d-b818-8c5b472aa115',null,
              'pending',null,
'["https://example.com/image_91_1.jpg","https://example.com/image_91_2.jpg","https://example.com/image_91_3.jpg","https://example.com/image_91_4.jpg"]'
              ,'2025-01-15 00:00:00+00','2025-07-10 00:00:10.245208+00',null,null),
            ( '330','92','2','fertilization_record','a2e74af1-5f93-4a19-8d05-47041db5c88d',null,
              'pending',null,
'["https://example.com/image_92_1.jpg","https://example.com/image_92_2.jpg","https://example.com/image_92_3.jpg","https://example.com/image_92_4.jpg"]'
              ,'2025-01-31 00:00:00+00','2025-07-10 00:00:10.245208+00',null,null),
            ( '331','93','2','fertilization_record','a2e74af1-5f93-4a19-8d05-47041db5c88d',null,
              'pending',null,
'["https://example.com/image_93_1.jpg","https://example.com/image_93_2.jpg","https://example.com/image_93_3.jpg","https://example.com/image_93_4.jpg"]'
              ,'2025-02-20 00:00:00+00','2025-07-10 00:00:10.245208+00',null,null),
            ( '332','94','2','fertilization_record','a2e74af1-5f93-4a19-8d05-47041db5c88d',null,
              'pending',null,
'["https://example.com/image_94_1.jpg","https://example.com/image_94_2.jpg","https://example.com/image_94_3.jpg","https://example.com/image_94_4.jpg"]'
              ,'2025-04-04 00:00:00+00','2025-07-10 00:00:10.245208+00',null,null),
            ( '333','95','2','fertilization_record','a2e74af1-5f93-4a19-8d05-47041db5c88d',null,
              'pending',null,
'["https://example.com/image_95_1.jpg","https://example.com/image_95_2.jpg","https://example.com/image_95_3.jpg","https://example.com/image_95_4.jpg"]'
              ,'2025-02-18 00:00:00+00','2025-07-10 00:00:10.245208+00',null,null),
            ( '334','96','2','fertilization_record','a2e74af1-5f93-4a19-8d05-47041db5c88d',null,
              'pending',null,
'["https://example.com/image_96_1.jpg","https://example.com/image_96_2.jpg","https://example.com/image_96_3.jpg","https://example.com/image_96_4.jpg"]'
              ,'2025-01-31 00:00:00+00','2025-07-10 00:00:10.245208+00',null,null),
            ( '335','97','2','fertilization_record','9cfc40b4-96ec-490b-9a77-95125fe60510',null,
              'pending',null,
'["https://example.com/image_97_1.jpg","https://example.com/image_97_2.jpg","https://example.com/image_97_3.jpg","https://example.com/image_97_4.jpg"]'
              ,'2025-03-16 00:00:00+00','2025-07-10 00:00:10.245208+00',null,null),
            ( '336','98','2','fertilization_record','a2e74af1-5f93-4a19-8d05-47041db5c88d',null,
              'pending',null,
'["https://example.com/image_98_1.jpg","https://example.com/image_98_2.jpg","https://example.com/image_98_3.jpg","https://example.com/image_98_4.jpg"]'
              ,'2025-02-18 00:00:00+00','2025-07-10 00:00:10.245208+00',null,null),
            ( '337','99','2','fertilization_record','9cfc40b4-96ec-490b-9a77-95125fe60510',null,
              'pending',null,
'["https://example.com/image_99_1.jpg","https://example.com/image_99_2.jpg","https://example.com/image_99_3.jpg","https://example.com/image_99_4.jpg"]'
              ,'2025-02-20 00:00:00+00','2025-07-10 00:00:10.245208+00',null,null),
            ( '338','100','2','fertilization_record','9cfc40b4-96ec-490b-9a77-95125fe60510',null,
              'pending',null,
'["https://example.com/image_100_1.jpg","https://example.com/image_100_2.jpg","https://example.com/image_100_3.jpg","https://example.com/image_100_4.jpg"]'
              ,'2025-02-04 00:00:00+00','2025-07-10 00:00:10.245208+00',null,null),
            ( '339','101','2','fertilization_record','9cfc40b4-96ec-490b-9a77-95125fe60510',null,
              'pending',null,
'["https://example.com/image_101_1.jpg","https://example.com/image_101_2.jpg","https://example.com/image_101_3.jpg","https://example.com/image_101_4.jpg"]'
              ,'2025-02-04 00:00:00+00','2025-07-10 00:00:10.245208+00',null,null),
            ( '340','102','2','fertilization_record','9cfc40b4-96ec-490b-9a77-95125fe60510',null,
              'pending',null,
'["https://example.com/image_102_1.jpg","https://example.com/image_102_2.jpg","https://example.com/image_102_3.jpg","https://example.com/image_102_4.jpg"]'
              ,'2025-02-04 00:00:00+00','2025-07-10 00:00:10.245208+00',null,null),
            ( '341','103','2','fertilization_record','9cfc40b4-96ec-490b-9a77-95125fe60510',null,
              'pending',null,
'["https://example.com/image_103_1.jpg","https://example.com/image_103_2.jpg","https://example.com/image_103_3.jpg","https://example.com/image_103_4.jpg"]'
              ,'2025-02-04 00:00:00+00','2025-07-10 00:00:10.245208+00',null,null),
            ( '342','104','2','fertilization_record','9cfc40b4-96ec-490b-9a77-95125fe60510',null,
              'pending',null,
'["https://example.com/image_104_1.jpg","https://example.com/image_104_2.jpg","https://example.com/image_104_3.jpg","https://example.com/image_104_4.jpg"]'
              ,'2025-02-26 00:00:00+00','2025-07-10 00:00:10.245208+00',null,null),
            ( '343','105','2','fertilization_record','9cfc40b4-96ec-490b-9a77-95125fe60510',null,
              'pending',null,
'["https://example.com/image_105_1.jpg","https://example.com/image_105_2.jpg","https://example.com/image_105_3.jpg","https://example.com/image_105_4.jpg"]'
              ,'2025-02-26 00:00:00+00','2025-07-10 00:00:10.245208+00',null,null),
            ( '344','106','2','fertilization_record','9cfc40b4-96ec-490b-9a77-95125fe60510',null,
              'pending',null,
'["https://example.com/image_106_1.jpg","https://example.com/image_106_2.jpg","https://example.com/image_106_3.jpg","https://example.com/image_106_4.jpg"]'
              ,'2025-02-04 00:00:00+00','2025-07-10 00:00:10.245208+00',null,null),
            ( '345','107','2','fertilization_record','9cfc40b4-96ec-490b-9a77-95125fe60510',null,
              'pending',null,
'["https://example.com/image_107_1.jpg","https://example.com/image_107_2.jpg","https://example.com/image_107_3.jpg","https://example.com/image_107_4.jpg"]'
              ,'2025-01-06 00:00:00+00','2025-07-10 00:00:10.245208+00',null,null),
            ( '346','108','2','fertilization_record','9cfc40b4-96ec-490b-9a77-95125fe60510',null,
              'pending',null,
'["https://example.com/image_108_1.jpg","https://example.com/image_108_2.jpg","https://example.com/image_108_3.jpg","https://example.com/image_108_4.jpg"]'
              ,'2025-02-05 00:00:00+00','2025-07-10 00:00:10.245208+00',null,null),
            ( '347','109','2','fertilization_record','9cfc40b4-96ec-490b-9a77-95125fe60510',null,
              'pending',null,
'["https://example.com/image_109_1.jpg","https://example.com/image_109_2.jpg","https://example.com/image_109_3.jpg","https://example.com/image_109_4.jpg"]'
              ,'2025-01-30 00:00:00+00','2025-07-10 00:00:10.245208+00',null,null),
            ( '348','110','2','fertilization_record','9cfc40b4-96ec-490b-9a77-95125fe60510',null,
              'pending',null,
'["https://example.com/image_110_1.jpg","https://example.com/image_110_2.jpg","https://example.com/image_110_3.jpg","https://example.com/image_110_4.jpg"]'
              ,'2025-01-30 00:00:00+00','2025-07-10 00:00:10.245208+00',null,null),
            ( '349','111','1','fertilization_record','749a67ec-fffb-4465-840f-e2e6be337abe',null,
              'pending',null,
'["https://example.com/image_111_1.jpg","https://example.com/image_111_2.jpg","https://example.com/image_111_3.jpg","https://example.com/image_111_4.jpg"]'
              ,'2024-12-15 00:00:00+00','2025-07-10 00:00:10.245208+00',null,null),
            ( '350','112','1','fertilization_record','749a67ec-fffb-4465-840f-e2e6be337abe',null,
              'pending',null,
'["https://example.com/image_112_1.jpg","https://example.com/image_112_2.jpg","https://example.com/image_112_3.jpg","https://example.com/image_112_4.jpg"]'
              ,'2024-12-15 00:00:00+00','2025-07-10 00:00:10.245208+00',null,null),
            ( '351','113','2','fertilization_record','9cfc40b4-96ec-490b-9a77-95125fe60510',null,
              'pending',null,
'["https://example.com/image_113_1.jpg","https://example.com/image_113_2.jpg","https://example.com/image_113_3.jpg","https://example.com/image_113_4.jpg"]'
              ,'2025-01-06 00:00:00+00','2025-07-10 00:00:10.245208+00',null,null),
            ( '352','114','1','fertilization_record','2878fd73-539b-4583-8cbb-371a58ce6251',null,
              'pending',null,
'["https://example.com/image_114_1.jpg","https://example.com/image_114_2.jpg","https://example.com/image_114_3.jpg","https://example.com/image_114_4.jpg"]'
              ,'2024-12-28 00:00:00+00','2025-07-10 00:00:10.245208+00',null,null),
            ( '353','115','2','fertilization_record','9cfc40b4-96ec-490b-9a77-95125fe60510',null,
              'pending',null,
'["https://example.com/image_115_1.jpg","https://example.com/image_115_2.jpg","https://example.com/image_115_3.jpg","https://example.com/image_115_4.jpg"]'
              ,'2025-01-30 00:00:00+00','2025-07-10 00:00:10.245208+00',null,null),
            ( '354','116','2','fertilization_record','9cfc40b4-96ec-490b-9a77-95125fe60510',null,
              'pending',null,
'["https://example.com/image_116_1.jpg","https://example.com/image_116_2.jpg","https://example.com/image_116_3.jpg","https://example.com/image_116_4.jpg"]'
              ,'2025-01-07 00:00:00+00','2025-07-10 00:00:10.245208+00',null,null),
            ( '355','117','1','fertilization_record','9cfc40b4-96ec-490b-9a77-95125fe60510',null,
              'pending',null,
'["https://example.com/image_117_1.jpg","https://example.com/image_117_2.jpg","https://example.com/image_117_3.jpg","https://example.com/image_117_4.jpg"]'
              ,'2024-12-17 00:00:00+00','2025-07-10 00:00:10.245208+00',null,null),
            ( '356','118','2','fertilization_record','9cfc40b4-96ec-490b-9a77-95125fe60510',null,
              'pending',null,
'["https://example.com/image_118_1.jpg","https://example.com/image_118_2.jpg","https://example.com/image_118_3.jpg","https://example.com/image_118_4.jpg"]'
              ,'2025-01-30 00:00:00+00','2025-07-10 00:00:10.245208+00',null,null),
            ( '357','119','2','fertilization_record','9cfc40b4-96ec-490b-9a77-95125fe60510',null,
              'pending',null,
'["https://example.com/image_119_1.jpg","https://example.com/image_119_2.jpg","https://example.com/image_119_3.jpg","https://example.com/image_119_4.jpg"]'
              ,'2025-02-24 00:00:00+00','2025-07-10 00:00:10.245208+00',null,null),
            ( '358','1','2','harvest_record','60e5e84e-5d9e-425f-8fbb-e2672c944537',null,'pending',
              null,
'["https://example.com/image_1_1.jpg","https://example.com/image_1_2.jpg","https://example.com/image_1_3.jpg","https://example.com/image_1_4.jpg"]'
              ,'2025-03-31 00:00:00+00','2025-07-10 00:00:10.245208+00',null,null),
            ( '359','2','2','harvest_record','60e5e84e-5d9e-425f-8fbb-e2672c944537',null,'pending',
              null,
'["https://example.com/image_2_1.jpg","https://example.com/image_2_2.jpg","https://example.com/image_2_3.jpg","https://example.com/image_2_4.jpg"]'
              ,'2025-03-31 00:00:00+00','2025-07-10 00:00:10.245208+00',null,null),
            ( '360','3','2','harvest_record','60e5e84e-5d9e-425f-8fbb-e2672c944537',null,'pending',
              null,
'["https://example.com/image_3_1.jpg","https://example.com/image_3_2.jpg","https://example.com/image_3_3.jpg","https://example.com/image_3_4.jpg"]'
              ,'2025-03-15 00:00:00+00','2025-07-10 00:00:10.245208+00',null,null),
            ( '361','4','2','harvest_record','60e5e84e-5d9e-425f-8fbb-e2672c944537',null,'pending',
              null,
'["https://example.com/image_4_1.jpg","https://example.com/image_4_2.jpg","https://example.com/image_4_3.jpg","https://example.com/image_4_4.jpg"]'
              ,'2025-03-15 00:00:00+00','2025-07-10 00:00:10.245208+00',null,null),
            ( '362','5','2','harvest_record','60e5e84e-5d9e-425f-8fbb-e2672c944537',null,'pending',
              null,
'["https://example.com/image_5_1.jpg","https://example.com/image_5_2.jpg","https://example.com/image_5_3.jpg","https://example.com/image_5_4.jpg"]'
              ,'2025-03-15 00:00:00+00','2025-07-10 00:00:10.245208+00',null,null),
            ( '363','6','2','harvest_record','60e5e84e-5d9e-425f-8fbb-e2672c944537',null,'pending',
              null,
'["https://example.com/image_6_1.jpg","https://example.com/image_6_2.jpg","https://example.com/image_6_3.jpg","https://example.com/image_6_4.jpg"]'
              ,'2025-03-31 00:00:00+00','2025-07-10 00:00:10.245208+00',null,null),
            ( '364','7','2','harvest_record','60e5e84e-5d9e-425f-8fbb-e2672c944537',null,'pending',
              null,
'["https://example.com/image_7_1.jpg","https://example.com/image_7_2.jpg","https://example.com/image_7_3.jpg","https://example.com/image_7_4.jpg"]'
              ,'2025-03-08 00:00:00+00','2025-07-10 00:00:10.245208+00',null,null),
            ( '365','8','2','harvest_record','60e5e84e-5d9e-425f-8fbb-e2672c944537',null,'pending',
              null,
'["https://example.com/image_8_1.jpg","https://example.com/image_8_2.jpg","https://example.com/image_8_3.jpg","https://example.com/image_8_4.jpg"]'
              ,'2025-03-31 00:00:00+00','2025-07-10 00:00:10.245208+00',null,null),
            ( '366','9','2','harvest_record','60e5e84e-5d9e-425f-8fbb-e2672c944537',null,'pending',
              null,
'["https://example.com/image_9_1.jpg","https://example.com/image_9_2.jpg","https://example.com/image_9_3.jpg","https://example.com/image_9_4.jpg"]'
              ,'2025-03-31 00:00:00+00','2025-07-10 00:00:10.245208+00',null,null),
            ( '367','10','2','harvest_record','60e5e84e-5d9e-425f-8fbb-e2672c944537',null,'pending',
              null,
'["https://example.com/image_10_1.jpg","https://example.com/image_10_2.jpg","https://example.com/image_10_3.jpg","https://example.com/image_10_4.jpg"]'
              ,'2025-04-08 00:00:00+00','2025-07-10 00:00:10.245208+00',null,null),
            ( '368','11','2','harvest_record','60e5e84e-5d9e-425f-8fbb-e2672c944537',null,'pending',
              null,
'["https://example.com/image_11_1.jpg","https://example.com/image_11_2.jpg","https://example.com/image_11_3.jpg","https://example.com/image_11_4.jpg"]'
              ,'2025-03-09 00:00:00+00','2025-07-10 00:00:10.245208+00',null,null),
            ( '369','12','2','harvest_record','60e5e84e-5d9e-425f-8fbb-e2672c944537',null,'pending',
              null,
'["https://example.com/image_12_1.jpg","https://example.com/image_12_2.jpg","https://example.com/image_12_3.jpg","https://example.com/image_12_4.jpg"]'
              ,'2025-03-08 00:00:00+00','2025-07-10 00:00:10.245208+00',null,null),
            ( '370','13','2','harvest_record','60e5e84e-5d9e-425f-8fbb-e2672c944537',null,'pending',
              null,
'["https://example.com/image_13_1.jpg","https://example.com/image_13_2.jpg","https://example.com/image_13_3.jpg","https://example.com/image_13_4.jpg"]'
              ,'2025-03-09 00:00:00+00','2025-07-10 00:00:10.245208+00',null,null),
            ( '371','14','2','harvest_record','60e5e84e-5d9e-425f-8fbb-e2672c944537',null,'pending',
              null,
'["https://example.com/image_14_1.jpg","https://example.com/image_14_2.jpg","https://example.com/image_14_3.jpg","https://example.com/image_14_4.jpg"]'
              ,'2025-03-10 00:00:00+00','2025-07-10 00:00:10.245208+00',null,null),
            ( '372','15','2','harvest_record','60e5e84e-5d9e-425f-8fbb-e2672c944537',null,'pending',
              null,
'["https://example.com/image_15_1.jpg","https://example.com/image_15_2.jpg","https://example.com/image_15_3.jpg","https://example.com/image_15_4.jpg"]'
              ,'2025-03-10 00:00:00+00','2025-07-10 00:00:10.245208+00',null,null),
            ( '373','16','2','harvest_record','60e5e84e-5d9e-425f-8fbb-e2672c944537',null,'pending',
              null,
'["https://example.com/image_16_1.jpg","https://example.com/image_16_2.jpg","https://example.com/image_16_3.jpg","https://example.com/image_16_4.jpg"]'
              ,'2025-04-14 00:00:00+00','2025-07-10 00:00:10.245208+00',null,null),
            ( '374','17','2','harvest_record','60e5e84e-5d9e-425f-8fbb-e2672c944537',null,'pending',
              null,
'["https://example.com/image_17_1.jpg","https://example.com/image_17_2.jpg","https://example.com/image_17_3.jpg","https://example.com/image_17_4.jpg"]'
              ,'2025-05-14 00:00:00+00','2025-07-10 00:00:10.245208+00',null,null),
            ( '375','18','2','harvest_record','60e5e84e-5d9e-425f-8fbb-e2672c944537',null,'pending',
              null,
'["https://example.com/image_18_1.jpg","https://example.com/image_18_2.jpg","https://example.com/image_18_3.jpg","https://example.com/image_18_4.jpg"]'
              ,'2025-04-14 00:00:00+00','2025-07-10 00:00:10.245208+00',null,null),
            ( '376','19','2','harvest_record','60e5e84e-5d9e-425f-8fbb-e2672c944537',null,'pending',
              null,
'["https://example.com/image_19_1.jpg","https://example.com/image_19_2.jpg","https://example.com/image_19_3.jpg","https://example.com/image_19_4.jpg"]'
              ,'2025-04-14 00:00:00+00','2025-07-10 00:00:10.245208+00',null,null),
            ( '377','20','2','harvest_record','60e5e84e-5d9e-425f-8fbb-e2672c944537',null,'pending',
              null,
'["https://example.com/image_20_1.jpg","https://example.com/image_20_2.jpg","https://example.com/image_20_3.jpg","https://example.com/image_20_4.jpg"]'
              ,'2025-04-14 00:00:00+00','2025-07-10 00:00:10.245208+00',null,null),
            ( '378','21','2','harvest_record','60e5e84e-5d9e-425f-8fbb-e2672c944537',null,'pending',
              null,
'["https://example.com/image_21_1.jpg","https://example.com/image_21_2.jpg","https://example.com/image_21_3.jpg","https://example.com/image_21_4.jpg"]'
              ,'2025-02-25 00:00:00+00','2025-07-10 00:00:10.245208+00',null,null),
            ( '379','22','2','harvest_record','60e5e84e-5d9e-425f-8fbb-e2672c944537',null,'pending',
              null,
'["https://example.com/image_22_1.jpg","https://example.com/image_22_2.jpg","https://example.com/image_22_3.jpg","https://example.com/image_22_4.jpg"]'
              ,'2025-03-09 00:00:00+00','2025-07-10 00:00:10.245208+00',null,null),
            ( '380','23','2','harvest_record','60e5e84e-5d9e-425f-8fbb-e2672c944537',null,'pending',
              null,
'["https://example.com/image_23_1.jpg","https://example.com/image_23_2.jpg","https://example.com/image_23_3.jpg","https://example.com/image_23_4.jpg"]'
              ,'2025-01-14 00:00:00+00','2025-07-10 00:00:10.245208+00',null,null),
            ( '381','24','2','harvest_record','60e5e84e-5d9e-425f-8fbb-e2672c944537',null,'pending',
              null,
'["https://example.com/image_24_1.jpg","https://example.com/image_24_2.jpg","https://example.com/image_24_3.jpg","https://example.com/image_24_4.jpg"]'
              ,'2025-03-10 00:00:00+00','2025-07-10 00:00:10.245208+00',null,null),
            ( '382','25','2','harvest_record','60e5e84e-5d9e-425f-8fbb-e2672c944537',null,'pending',
              null,
'["https://example.com/image_25_1.jpg","https://example.com/image_25_2.jpg","https://example.com/image_25_3.jpg","https://example.com/image_25_4.jpg"]'
              ,'2025-02-17 00:00:00+00','2025-07-10 00:00:10.245208+00',null,null),
            ( '383','26','2','harvest_record','60e5e84e-5d9e-425f-8fbb-e2672c944537',null,'pending',
              null,
'["https://example.com/image_26_1.jpg","https://example.com/image_26_2.jpg","https://example.com/image_26_3.jpg","https://example.com/image_26_4.jpg"]'
              ,'2025-02-03 00:00:00+00','2025-07-10 00:00:10.245208+00',null,null),
            ( '384','27','2','harvest_record','9971f3e0-df82-4a48-b367-c8b09c0402fa',null,'pending',
              null,
'["https://example.com/image_27_1.jpg","https://example.com/image_27_2.jpg","https://example.com/image_27_3.jpg","https://example.com/image_27_4.jpg"]'
              ,'2025-03-03 00:00:00+00','2025-07-10 00:00:10.245208+00',null,null),
            ( '385','28','2','harvest_record','9971f3e0-df82-4a48-b367-c8b09c0402fa',null,'pending',
              null,
'["https://example.com/image_28_1.jpg","https://example.com/image_28_2.jpg","https://example.com/image_28_3.jpg","https://example.com/image_28_4.jpg"]'
              ,'2025-04-07 00:00:00+00','2025-07-10 00:00:10.245208+00',null,null),
            ( '386','29','2','harvest_record','9971f3e0-df82-4a48-b367-c8b09c0402fa',null,'pending',
              null,
'["https://example.com/image_29_1.jpg","https://example.com/image_29_2.jpg","https://example.com/image_29_3.jpg","https://example.com/image_29_4.jpg"]'
              ,'2025-03-03 00:00:00+00','2025-07-10 00:00:10.245208+00',null,null),
            ( '387','30','2','harvest_record','60e5e84e-5d9e-425f-8fbb-e2672c944537',null,'pending',
              null,
'["https://example.com/image_30_1.jpg","https://example.com/image_30_2.jpg","https://example.com/image_30_3.jpg","https://example.com/image_30_4.jpg"]'
              ,'2025-02-13 00:00:00+00','2025-07-10 00:00:10.245208+00',null,null),
            ( '388','31','2','harvest_record','60e5e84e-5d9e-425f-8fbb-e2672c944537',null,'pending',
              null,
'["https://example.com/image_31_1.jpg","https://example.com/image_31_2.jpg","https://example.com/image_31_3.jpg","https://example.com/image_31_4.jpg"]'
              ,'2025-02-16 00:00:00+00','2025-07-10 00:00:10.245208+00',null,null),
            ( '389','32','2','harvest_record','60e5e84e-5d9e-425f-8fbb-e2672c944537',null,'pending',
              null,
'["https://example.com/image_32_1.jpg","https://example.com/image_32_2.jpg","https://example.com/image_32_3.jpg","https://example.com/image_32_4.jpg"]'
              ,'2025-02-16 00:00:00+00','2025-07-10 00:00:10.245208+00',null,null),
            ( '390','33','2','harvest_record','60e5e84e-5d9e-425f-8fbb-e2672c944537',null,'pending',
              null,
'["https://example.com/image_33_1.jpg","https://example.com/image_33_2.jpg","https://example.com/image_33_3.jpg","https://example.com/image_33_4.jpg"]'
              ,'2025-02-16 00:00:00+00','2025-07-10 00:00:10.245208+00',null,null),
            ( '391','34','2','harvest_record','60e5e84e-5d9e-425f-8fbb-e2672c944537',null,'pending',
              null,
'["https://example.com/image_34_1.jpg","https://example.com/image_34_2.jpg","https://example.com/image_34_3.jpg","https://example.com/image_34_4.jpg"]'
              ,'2025-02-28 00:00:00+00','2025-07-10 00:00:10.245208+00',null,null),
            ( '392','35','2','harvest_record','60e5e84e-5d9e-425f-8fbb-e2672c944537',null,'pending',
              null,
'["https://example.com/image_35_1.jpg","https://example.com/image_35_2.jpg","https://example.com/image_35_3.jpg","https://example.com/image_35_4.jpg"]'
              ,'2025-02-16 00:00:00+00','2025-07-10 00:00:10.245208+00',null,null),
            ( '393','36','2','harvest_record','60e5e84e-5d9e-425f-8fbb-e2672c944537',null,'pending',
              null,
'["https://example.com/image_36_1.jpg","https://example.com/image_36_2.jpg","https://example.com/image_36_3.jpg","https://example.com/image_36_4.jpg"]'
              ,'2025-03-09 00:00:00+00','2025-07-10 00:00:10.245208+00',null,null),
            ( '394','37','2','harvest_record','60e5e84e-5d9e-425f-8fbb-e2672c944537',null,'pending',
              null,
'["https://example.com/image_37_1.jpg","https://example.com/image_37_2.jpg","https://example.com/image_37_3.jpg","https://example.com/image_37_4.jpg"]'
              ,'2025-03-09 00:00:00+00','2025-07-10 00:00:10.245208+00',null,null),
            ( '395','38','1','harvest_record','60e5e84e-5d9e-425f-8fbb-e2672c944537',null,'pending',
              null,
'["https://example.com/image_38_1.jpg","https://example.com/image_38_2.jpg","https://example.com/image_38_3.jpg","https://example.com/image_38_4.jpg"]'
              ,'2024-12-29 00:00:00+00','2025-07-10 00:00:10.245208+00',null,null),
            ( '396','39','2','harvest_record','60e5e84e-5d9e-425f-8fbb-e2672c944537',null,'pending',
              null,
'["https://example.com/image_39_1.jpg","https://example.com/image_39_2.jpg","https://example.com/image_39_3.jpg","https://example.com/image_39_4.jpg"]'
              ,'2025-02-25 00:00:00+00','2025-07-10 00:00:10.245208+00',null,null),
            ( '397','40','2','harvest_record','60e5e84e-5d9e-425f-8fbb-e2672c944537',null,'pending',
              null,
'["https://example.com/image_40_1.jpg","https://example.com/image_40_2.jpg","https://example.com/image_40_3.jpg","https://example.com/image_40_4.jpg"]'
              ,'2025-01-25 00:00:00+00','2025-07-10 00:00:10.245208+00',null,null),
            ( '398','41','2','harvest_record','60e5e84e-5d9e-425f-8fbb-e2672c944537',null,'pending',
              null,
'["https://example.com/image_41_1.jpg","https://example.com/image_41_2.jpg","https://example.com/image_41_3.jpg","https://example.com/image_41_4.jpg"]'
              ,'2025-03-16 00:00:00+00','2025-07-10 00:00:10.245208+00',null,null),
            ( '399','42','2','harvest_record','60e5e84e-5d9e-425f-8fbb-e2672c944537',null,'pending',
              null,
'["https://example.com/image_42_1.jpg","https://example.com/image_42_2.jpg","https://example.com/image_42_3.jpg","https://example.com/image_42_4.jpg"]'
              ,'2025-04-26 00:00:00+00','2025-07-10 00:00:10.245208+00',null,null),
            ( '400','43','2','harvest_record','60e5e84e-5d9e-425f-8fbb-e2672c944537',null,'pending',
              null,
'["https://example.com/image_43_1.jpg","https://example.com/image_43_2.jpg","https://example.com/image_43_3.jpg","https://example.com/image_43_4.jpg"]'
              ,'2025-02-01 00:00:00+00','2025-07-10 00:00:10.245208+00',null,null),
            ( '401','44','1','harvest_record','60e5e84e-5d9e-425f-8fbb-e2672c944537',null,'pending',
              null,
'["https://example.com/image_44_1.jpg","https://example.com/image_44_2.jpg","https://example.com/image_44_3.jpg","https://example.com/image_44_4.jpg"]'
              ,'2024-12-19 00:00:00+00','2025-07-10 00:00:10.245208+00',null,null),
            ( '402','45','2','harvest_record','60e5e84e-5d9e-425f-8fbb-e2672c944537',null,'pending',
              null,
'["https://example.com/image_45_1.jpg","https://example.com/image_45_2.jpg","https://example.com/image_45_3.jpg","https://example.com/image_45_4.jpg"]'
              ,'2025-03-16 00:00:00+00','2025-07-10 00:00:10.245208+00',null,null),
            ( '403','46','2','harvest_record','60e5e84e-5d9e-425f-8fbb-e2672c944537',null,'pending',
              null,
'["https://example.com/image_46_1.jpg","https://example.com/image_46_2.jpg","https://example.com/image_46_3.jpg","https://example.com/image_46_4.jpg"]'
              ,'2025-01-28 00:00:00+00','2025-07-10 00:00:10.245208+00',null,null),
            ( '404','47','2','harvest_record','60e5e84e-5d9e-425f-8fbb-e2672c944537',null,'pending',
              null,
'["https://example.com/image_47_1.jpg","https://example.com/image_47_2.jpg","https://example.com/image_47_3.jpg","https://example.com/image_47_4.jpg"]'
              ,'2025-02-24 00:00:00+00','2025-07-10 00:00:10.245208+00',null,null),
            ( '405','48','2','harvest_record','60e5e84e-5d9e-425f-8fbb-e2672c944537',null,'pending',
              null,
'["https://example.com/image_48_1.jpg","https://example.com/image_48_2.jpg","https://example.com/image_48_3.jpg","https://example.com/image_48_4.jpg"]'
              ,'2025-05-18 00:00:00+00','2025-07-10 00:00:10.245208+00',null,null),
            ( '406','49','2','harvest_record','60e5e84e-5d9e-425f-8fbb-e2672c944537',null,'pending',
              null,
'["https://example.com/image_49_1.jpg","https://example.com/image_49_2.jpg","https://example.com/image_49_3.jpg","https://example.com/image_49_4.jpg"]'
              ,'2025-02-19 00:00:00+00','2025-07-10 00:00:10.245208+00',null,null),
            ( '407','50','2','harvest_record','60e5e84e-5d9e-425f-8fbb-e2672c944537',null,'pending',
              null,
'["https://example.com/image_50_1.jpg","https://example.com/image_50_2.jpg","https://example.com/image_50_3.jpg","https://example.com/image_50_4.jpg"]'
              ,'2025-01-22 00:00:00+00','2025-07-10 00:00:10.245208+00',null,null),
            ( '408','51','2','harvest_record','9cfc40b4-96ec-490b-9a77-95125fe60510',null,'pending',
              null,
'["https://example.com/image_51_1.jpg","https://example.com/image_51_2.jpg","https://example.com/image_51_3.jpg","https://example.com/image_51_4.jpg"]'
              ,'2025-05-22 00:00:00+00','2025-07-10 00:00:10.245208+00',null,null),
            ( '409','52','2','harvest_record','9cfc40b4-96ec-490b-9a77-95125fe60510',null,'pending',
              null,
'["https://example.com/image_52_1.jpg","https://example.com/image_52_2.jpg","https://example.com/image_52_3.jpg","https://example.com/image_52_4.jpg"]'
              ,'2025-03-12 00:00:00+00','2025-07-10 00:00:10.245208+00',null,null),
            ( '410','53','2','harvest_record','9cfc40b4-96ec-490b-9a77-95125fe60510',null,'pending',
              null,
'["https://example.com/image_53_1.jpg","https://example.com/image_53_2.jpg","https://example.com/image_53_3.jpg","https://example.com/image_53_4.jpg"]'
              ,'2025-05-18 00:00:00+00','2025-07-10 00:00:10.245208+00',null,null),
            ( '411','54','2','harvest_record','9cfc40b4-96ec-490b-9a77-95125fe60510',null,'pending',
              null,
'["https://example.com/image_54_1.jpg","https://example.com/image_54_2.jpg","https://example.com/image_54_3.jpg","https://example.com/image_54_4.jpg"]'
              ,'2025-02-24 00:00:00+00','2025-07-10 00:00:10.245208+00',null,null),
            ( '412','55','2','harvest_record','9cfc40b4-96ec-490b-9a77-95125fe60510',null,'pending',
              null,
'["https://example.com/image_55_1.jpg","https://example.com/image_55_2.jpg","https://example.com/image_55_3.jpg","https://example.com/image_55_4.jpg"]'
              ,'2025-02-13 00:00:00+00','2025-07-10 00:00:10.245208+00',null,null),
            ( '413','56','2','harvest_record','9cfc40b4-96ec-490b-9a77-95125fe60510',null,'pending',
              null,
'["https://example.com/image_56_1.jpg","https://example.com/image_56_2.jpg","https://example.com/image_56_3.jpg","https://example.com/image_56_4.jpg"]'
              ,'2025-03-10 00:00:00+00','2025-07-10 00:00:10.245208+00',null,null),
            ( '414','57','2','harvest_record','9cfc40b4-96ec-490b-9a77-95125fe60510',null,'pending',
              null,
'["https://example.com/image_57_1.jpg","https://example.com/image_57_2.jpg","https://example.com/image_57_3.jpg","https://example.com/image_57_4.jpg"]'
              ,'2025-03-11 00:00:00+00','2025-07-10 00:00:10.245208+00',null,null),
            ( '415','58','2','harvest_record','9cfc40b4-96ec-490b-9a77-95125fe60510',null,'pending',
              null,
'["https://example.com/image_58_1.jpg","https://example.com/image_58_2.jpg","https://example.com/image_58_3.jpg","https://example.com/image_58_4.jpg"]'
              ,'2025-04-01 00:00:00+00','2025-07-10 00:00:10.245208+00',null,null),
            ( '416','59','2','harvest_record','9cfc40b4-96ec-490b-9a77-95125fe60510',null,'pending',
              null,
'["https://example.com/image_59_1.jpg","https://example.com/image_59_2.jpg","https://example.com/image_59_3.jpg","https://example.com/image_59_4.jpg"]'
              ,'2025-03-11 00:00:00+00','2025-07-10 00:00:10.245208+00',null,null),
            ( '417','60','2','harvest_record','9cfc40b4-96ec-490b-9a77-95125fe60510',null,'pending',
              null,
'["https://example.com/image_60_1.jpg","https://example.com/image_60_2.jpg","https://example.com/image_60_3.jpg","https://example.com/image_60_4.jpg"]'
              ,'2025-04-01 00:00:00+00','2025-07-10 00:00:10.245208+00',null,null),
            ( '418','61','2','harvest_record','9cfc40b4-96ec-490b-9a77-95125fe60510',null,'pending',
              null,
'["https://example.com/image_61_1.jpg","https://example.com/image_61_2.jpg","https://example.com/image_61_3.jpg","https://example.com/image_61_4.jpg"]'
              ,'2025-04-01 00:00:00+00','2025-07-10 00:00:10.245208+00',null,null),
            ( '419','62','2','harvest_record','9cfc40b4-96ec-490b-9a77-95125fe60510',null,'pending',
              null,
'["https://example.com/image_62_1.jpg","https://example.com/image_62_2.jpg","https://example.com/image_62_3.jpg","https://example.com/image_62_4.jpg"]'
              ,'2025-03-16 00:00:00+00','2025-07-10 00:00:10.245208+00',null,null),
            ( '420','63','2','harvest_record','9cfc40b4-96ec-490b-9a77-95125fe60510',null,'pending',
              null,
'["https://example.com/image_63_1.jpg","https://example.com/image_63_2.jpg","https://example.com/image_63_3.jpg","https://example.com/image_63_4.jpg"]'
              ,'2025-02-24 00:00:00+00','2025-07-10 00:00:10.245208+00',null,null),
            ( '421','64','2','harvest_record','9cfc40b4-96ec-490b-9a77-95125fe60510',null,'pending',
              null,
'["https://example.com/image_64_1.jpg","https://example.com/image_64_2.jpg","https://example.com/image_64_3.jpg","https://example.com/image_64_4.jpg"]'
              ,'2025-02-24 00:00:00+00','2025-07-10 00:00:10.245208+00',null,null),
            ( '422','65','2','harvest_record','9cfc40b4-96ec-490b-9a77-95125fe60510',null,'pending',
              null,
'["https://example.com/image_65_1.jpg","https://example.com/image_65_2.jpg","https://example.com/image_65_3.jpg","https://example.com/image_65_4.jpg"]'
              ,'2025-02-05 00:00:00+00','2025-07-10 00:00:10.245208+00',null,null),
            ( '423','66','2','harvest_record','9cfc40b4-96ec-490b-9a77-95125fe60510',null,'pending',
              null,
'["https://example.com/image_66_1.jpg","https://example.com/image_66_2.jpg","https://example.com/image_66_3.jpg","https://example.com/image_66_4.jpg"]'
              ,'2025-02-26 00:00:00+00','2025-07-10 00:00:10.245208+00',null,null),
            ( '424','67','2','harvest_record','9cfc40b4-96ec-490b-9a77-95125fe60510',null,'pending',
              null,
'["https://example.com/image_67_1.jpg","https://example.com/image_67_2.jpg","https://example.com/image_67_3.jpg","https://example.com/image_67_4.jpg"]'
              ,'2025-02-26 00:00:00+00','2025-07-10 00:00:10.245208+00',null,null),
            ( '425','68','2','harvest_record','9cfc40b4-96ec-490b-9a77-95125fe60510',null,'pending',
              null,
'["https://example.com/image_68_1.jpg","https://example.com/image_68_2.jpg","https://example.com/image_68_3.jpg","https://example.com/image_68_4.jpg"]'
              ,'2025-02-05 00:00:00+00','2025-07-10 00:00:10.245208+00',null,null),
            ( '426','69','2','harvest_record','9cfc40b4-96ec-490b-9a77-95125fe60510',null,'pending',
              null,
'["https://example.com/image_69_1.jpg","https://example.com/image_69_2.jpg","https://example.com/image_69_3.jpg","https://example.com/image_69_4.jpg"]'
              ,'2025-02-14 00:00:00+00','2025-07-10 00:00:10.245208+00',null,null),
            ( '427','70','2','harvest_record','9cfc40b4-96ec-490b-9a77-95125fe60510',null,'pending',
              null,
'["https://example.com/image_70_1.jpg","https://example.com/image_70_2.jpg","https://example.com/image_70_3.jpg","https://example.com/image_70_4.jpg"]'
              ,'2025-02-20 00:00:00+00','2025-07-10 00:00:10.245208+00',null,null),
            ( '428','71','2','harvest_record','9cfc40b4-96ec-490b-9a77-95125fe60510',null,'pending',
              null,
'["https://example.com/image_71_1.jpg","https://example.com/image_71_2.jpg","https://example.com/image_71_3.jpg","https://example.com/image_71_4.jpg"]'
              ,'2025-02-18 00:00:00+00','2025-07-10 00:00:10.245208+00',null,null),
            ( '429','72','2','harvest_record','9cfc40b4-96ec-490b-9a77-95125fe60510',null,'pending',
              null,
'["https://example.com/image_72_1.jpg","https://example.com/image_72_2.jpg","https://example.com/image_72_3.jpg","https://example.com/image_72_4.jpg"]'
              ,'2025-02-05 00:00:00+00','2025-07-10 00:00:10.245208+00',null,null),
            ( '430','73','2','harvest_record','9cfc40b4-96ec-490b-9a77-95125fe60510',null,'pending',
              null,
'["https://example.com/image_73_1.jpg","https://example.com/image_73_2.jpg","https://example.com/image_73_3.jpg","https://example.com/image_73_4.jpg"]'
              ,'2025-02-17 00:00:00+00','2025-07-10 00:00:10.245208+00',null,null),
            ( '431','74','2','harvest_record','9cfc40b4-96ec-490b-9a77-95125fe60510',null,'pending',
              null,
'["https://example.com/image_74_1.jpg","https://example.com/image_74_2.jpg","https://example.com/image_74_3.jpg","https://example.com/image_74_4.jpg"]'
              ,'2025-02-17 00:00:00+00','2025-07-10 00:00:10.245208+00',null,null),
            ( '432','75','2','harvest_record','9cfc40b4-96ec-490b-9a77-95125fe60510',null,'pending',
              null,
'["https://example.com/image_75_1.jpg","https://example.com/image_75_2.jpg","https://example.com/image_75_3.jpg","https://example.com/image_75_4.jpg"]'
              ,'2025-02-25 00:00:00+00','2025-07-10 00:00:10.245208+00',null,null),
            ( '433','76','2','harvest_record','9cfc40b4-96ec-490b-9a77-95125fe60510',null,'pending',
              null,
'["https://example.com/image_76_1.jpg","https://example.com/image_76_2.jpg","https://example.com/image_76_3.jpg","https://example.com/image_76_4.jpg"]'
              ,'2025-02-20 00:00:00+00','2025-07-10 00:00:10.245208+00',null,null),
            ( '434','77','2','harvest_record','9cfc40b4-96ec-490b-9a77-95125fe60510',null,'pending',
              null,
'["https://example.com/image_77_1.jpg","https://example.com/image_77_2.jpg","https://example.com/image_77_3.jpg","https://example.com/image_77_4.jpg"]'
              ,'2025-02-05 00:00:00+00','2025-07-10 00:00:10.245208+00',null,null),
            ( '435','78','2','harvest_record','9cfc40b4-96ec-490b-9a77-95125fe60510',null,'pending',
              null,
'["https://example.com/image_78_1.jpg","https://example.com/image_78_2.jpg","https://example.com/image_78_3.jpg","https://example.com/image_78_4.jpg"]'
              ,'2025-02-05 00:00:00+00','2025-07-10 00:00:10.245208+00',null,null),
            ( '436','79','2','harvest_record','9cfc40b4-96ec-490b-9a77-95125fe60510',null,'pending',
              null,
'["https://example.com/image_79_1.jpg","https://example.com/image_79_2.jpg","https://example.com/image_79_3.jpg","https://example.com/image_79_4.jpg"]'
              ,'2025-01-27 00:00:00+00','2025-07-10 00:00:10.245208+00',null,null),
            ( '437','80','2','harvest_record','9cfc40b4-96ec-490b-9a77-95125fe60510',null,'pending',
              null,
'["https://example.com/image_80_1.jpg","https://example.com/image_80_2.jpg","https://example.com/image_80_3.jpg","https://example.com/image_80_4.jpg"]'
              ,'2025-02-28 00:00:00+00','2025-07-10 00:00:10.245208+00',null,null),
            ( '438','81','2','harvest_record','9cfc40b4-96ec-490b-9a77-95125fe60510',null,'pending',
              null,
'["https://example.com/image_81_1.jpg","https://example.com/image_81_2.jpg","https://example.com/image_81_3.jpg","https://example.com/image_81_4.jpg"]'
              ,'2025-01-17 00:00:00+00','2025-07-10 00:00:10.245208+00',null,null),
            ( '439','82','1','harvest_record','9cfc40b4-96ec-490b-9a77-95125fe60510',null,'pending',
              null,
'["https://example.com/image_82_1.jpg","https://example.com/image_82_2.jpg","https://example.com/image_82_3.jpg","https://example.com/image_82_4.jpg"]'
              ,'2024-12-23 00:00:00+00','2025-07-10 00:00:10.245208+00',null,null),
            ( '440','83','1','harvest_record','d6b4cbe4-2ea2-4669-9b7a-7e54fa9f074f',null,'pending',
              null,
'["https://example.com/image_83_1.jpg","https://example.com/image_83_2.jpg","https://example.com/image_83_3.jpg","https://example.com/image_83_4.jpg"]'
              ,'2024-12-12 00:00:00+00','2025-07-10 00:00:10.245208+00',null,null),
            ( '441','84','1','harvest_record','d6b4cbe4-2ea2-4669-9b7a-7e54fa9f074f',null,'pending',
              null,
'["https://example.com/image_84_1.jpg","https://example.com/image_84_2.jpg","https://example.com/image_84_3.jpg","https://example.com/image_84_4.jpg"]'
              ,'2024-12-12 00:00:00+00','2025-07-10 00:00:10.245208+00',null,null),
            ( '442','85','1','harvest_record','579385c0-bbcc-4a75-9b51-7b35c655c77e',null,'pending',
              null,
'["https://example.com/image_85_1.jpg","https://example.com/image_85_2.jpg","https://example.com/image_85_3.jpg","https://example.com/image_85_4.jpg"]'
              ,'2024-12-23 00:00:00+00','2025-07-10 00:00:10.245208+00',null,null),
            ( '443','86','2','harvest_record','579385c0-bbcc-4a75-9b51-7b35c655c77e',null,'pending',
              null,
'["https://example.com/image_86_1.jpg","https://example.com/image_86_2.jpg","https://example.com/image_86_3.jpg","https://example.com/image_86_4.jpg"]'
              ,'2025-01-15 00:00:00+00','2025-07-10 00:00:10.245208+00',null,null),
            ( '444','87','2','harvest_record','579385c0-bbcc-4a75-9b51-7b35c655c77e',null,'pending',
              null,
'["https://example.com/image_87_1.jpg","https://example.com/image_87_2.jpg","https://example.com/image_87_3.jpg","https://example.com/image_87_4.jpg"]'
              ,'2025-01-15 00:00:00+00','2025-07-10 00:00:10.245208+00',null,null),
            ( '445','88','1','harvest_record','d6b4cbe4-2ea2-4669-9b7a-7e54fa9f074f',null,'pending',
              null,
'["https://example.com/image_88_1.jpg","https://example.com/image_88_2.jpg","https://example.com/image_88_3.jpg","https://example.com/image_88_4.jpg"]'
              ,'2024-12-23 00:00:00+00','2025-07-10 00:00:10.245208+00',null,null),
            ( '446','89','2','harvest_record','d6b4cbe4-2ea2-4669-9b7a-7e54fa9f074f',null,'pending',
              null,
'["https://example.com/image_89_1.jpg","https://example.com/image_89_2.jpg","https://example.com/image_89_3.jpg","https://example.com/image_89_4.jpg"]'
              ,'2025-05-03 00:00:00+00','2025-07-10 00:00:10.245208+00',null,null),
            ( '447','90','2','harvest_record','eeda11be-5094-4b8d-b818-8c5b472aa115',null,'pending',
              null,
'["https://example.com/image_90_1.jpg","https://example.com/image_90_2.jpg","https://example.com/image_90_3.jpg","https://example.com/image_90_4.jpg"]'
              ,'2025-02-27 00:00:00+00','2025-07-10 00:00:10.245208+00',null,null),
            ( '448','91','2','harvest_record','eeda11be-5094-4b8d-b818-8c5b472aa115',null,'pending',
              null,
'["https://example.com/image_91_1.jpg","https://example.com/image_91_2.jpg","https://example.com/image_91_3.jpg","https://example.com/image_91_4.jpg"]'
              ,'2025-01-06 00:00:00+00','2025-07-10 00:00:10.245208+00',null,null),
            ( '449','92','2','harvest_record','a2e74af1-5f93-4a19-8d05-47041db5c88d',null,'pending',
              null,
'["https://example.com/image_92_1.jpg","https://example.com/image_92_2.jpg","https://example.com/image_92_3.jpg","https://example.com/image_92_4.jpg"]'
              ,'2025-01-29 00:00:00+00','2025-07-10 00:00:10.245208+00',null,null),
            ( '450','93','2','harvest_record','a2e74af1-5f93-4a19-8d05-47041db5c88d',null,'pending',
              null,
'["https://example.com/image_93_1.jpg","https://example.com/image_93_2.jpg","https://example.com/image_93_3.jpg","https://example.com/image_93_4.jpg"]'
              ,'2025-02-20 00:00:00+00','2025-07-10 00:00:10.245208+00',null,null),
            ( '451','94','2','harvest_record','a2e74af1-5f93-4a19-8d05-47041db5c88d',null,'pending',
              null,
'["https://example.com/image_94_1.jpg","https://example.com/image_94_2.jpg","https://example.com/image_94_3.jpg","https://example.com/image_94_4.jpg"]'
              ,'2025-04-04 00:00:00+00','2025-07-10 00:00:10.245208+00',null,null),
            ( '452','95','2','harvest_record','a2e74af1-5f93-4a19-8d05-47041db5c88d',null,'pending',
              null,
'["https://example.com/image_95_1.jpg","https://example.com/image_95_2.jpg","https://example.com/image_95_3.jpg","https://example.com/image_95_4.jpg"]'
              ,'2025-02-18 00:00:00+00','2025-07-10 00:00:10.245208+00',null,null),
            ( '453','96','2','harvest_record','a2e74af1-5f93-4a19-8d05-47041db5c88d',null,'pending',
              null,
'["https://example.com/image_96_1.jpg","https://example.com/image_96_2.jpg","https://example.com/image_96_3.jpg","https://example.com/image_96_4.jpg"]'
              ,'2025-01-31 00:00:00+00','2025-07-10 00:00:10.245208+00',null,null),
            ( '454','97','2','harvest_record','9cfc40b4-96ec-490b-9a77-95125fe60510',null,'pending',
              null,
'["https://example.com/image_97_1.jpg","https://example.com/image_97_2.jpg","https://example.com/image_97_3.jpg","https://example.com/image_97_4.jpg"]'
              ,'2025-03-16 00:00:00+00','2025-07-10 00:00:10.245208+00',null,null),
            ( '455','98','2','harvest_record','a2e74af1-5f93-4a19-8d05-47041db5c88d',null,'pending',
              null,
'["https://example.com/image_98_1.jpg","https://example.com/image_98_2.jpg","https://example.com/image_98_3.jpg","https://example.com/image_98_4.jpg"]'
              ,'2025-02-18 00:00:00+00','2025-07-10 00:00:10.245208+00',null,null),
            ( '456','99','2','harvest_record','9cfc40b4-96ec-490b-9a77-95125fe60510',null,'pending',
              null,
'["https://example.com/image_99_1.jpg","https://example.com/image_99_2.jpg","https://example.com/image_99_3.jpg","https://example.com/image_99_4.jpg"]'
              ,'2025-02-20 00:00:00+00','2025-07-10 00:00:10.245208+00',null,null),
            ( '457','100','2','harvest_record','9cfc40b4-96ec-490b-9a77-95125fe60510',null,'pending'
              ,null,
'["https://example.com/image_100_1.jpg","https://example.com/image_100_2.jpg","https://example.com/image_100_3.jpg","https://example.com/image_100_4.jpg"]'
              ,'2025-02-04 00:00:00+00','2025-07-10 00:00:10.245208+00',null,null),
            ( '458','101','2','harvest_record','9cfc40b4-96ec-490b-9a77-95125fe60510',null,'pending'
              ,null,
'["https://example.com/image_101_1.jpg","https://example.com/image_101_2.jpg","https://example.com/image_101_3.jpg","https://example.com/image_101_4.jpg"]'
              ,'2025-02-04 00:00:00+00','2025-07-10 00:00:10.245208+00',null,null),
            ( '459','102','2','harvest_record','9cfc40b4-96ec-490b-9a77-95125fe60510',null,'pending'
              ,null,
'["https://example.com/image_102_1.jpg","https://example.com/image_102_2.jpg","https://example.com/image_102_3.jpg","https://example.com/image_102_4.jpg"]'
              ,'2025-02-04 00:00:00+00','2025-07-10 00:00:10.245208+00',null,null),
            ( '460','103','2','harvest_record','9cfc40b4-96ec-490b-9a77-95125fe60510',null,'pending'
              ,null,
'["https://example.com/image_103_1.jpg","https://example.com/image_103_2.jpg","https://example.com/image_103_3.jpg","https://example.com/image_103_4.jpg"]'
              ,'2025-02-04 00:00:00+00','2025-07-10 00:00:10.245208+00',null,null),
            ( '461','104','2','harvest_record','9cfc40b4-96ec-490b-9a77-95125fe60510',null,'pending'
              ,null,
'["https://example.com/image_104_1.jpg","https://example.com/image_104_2.jpg","https://example.com/image_104_3.jpg","https://example.com/image_104_4.jpg"]'
              ,'2025-02-05 00:00:00+00','2025-07-10 00:00:10.245208+00',null,null),
            ( '462','105','2','harvest_record','9cfc40b4-96ec-490b-9a77-95125fe60510',null,'pending'
              ,null,
'["https://example.com/image_105_1.jpg","https://example.com/image_105_2.jpg","https://example.com/image_105_3.jpg","https://example.com/image_105_4.jpg"]'
              ,'2025-02-26 00:00:00+00','2025-07-10 00:00:10.245208+00',null,null),
            ( '463','106','2','harvest_record','9cfc40b4-96ec-490b-9a77-95125fe60510',null,'pending'
              ,null,
'["https://example.com/image_106_1.jpg","https://example.com/image_106_2.jpg","https://example.com/image_106_3.jpg","https://example.com/image_106_4.jpg"]'
              ,'2025-02-04 00:00:00+00','2025-07-10 00:00:10.245208+00',null,null),
            ( '464','107','2','harvest_record','9cfc40b4-96ec-490b-9a77-95125fe60510',null,'pending'
              ,null,
'["https://example.com/image_107_1.jpg","https://example.com/image_107_2.jpg","https://example.com/image_107_3.jpg","https://example.com/image_107_4.jpg"]'
              ,'2025-01-06 00:00:00+00','2025-07-10 00:00:10.245208+00',null,null),
            ( '465','108','2','harvest_record','9cfc40b4-96ec-490b-9a77-95125fe60510',null,'pending'
              ,null,
'["https://example.com/image_108_1.jpg","https://example.com/image_108_2.jpg","https://example.com/image_108_3.jpg","https://example.com/image_108_4.jpg"]'
              ,'2025-02-05 00:00:00+00','2025-07-10 00:00:10.245208+00',null,null),
            ( '466','109','1','harvest_record','9cfc40b4-96ec-490b-9a77-95125fe60510',null,'pending'
              ,null,
'["https://example.com/image_109_1.jpg","https://example.com/image_109_2.jpg","https://example.com/image_109_3.jpg","https://example.com/image_109_4.jpg"]'
              ,'2025-01-30 00:00:00+00','2025-07-10 00:00:10.245208+00',null,null),
            ( '467','110','2','harvest_record','9cfc40b4-96ec-490b-9a77-95125fe60510',null,'pending'
              ,null,
'["https://example.com/image_110_1.jpg","https://example.com/image_110_2.jpg","https://example.com/image_110_3.jpg","https://example.com/image_110_4.jpg"]'
              ,'2025-01-30 00:00:00+00','2025-07-10 00:00:10.245208+00',null,null),
            ( '468','111','1','harvest_record','9cfc40b4-96ec-490b-9a77-95125fe60510',null,'pending'
              ,null,
'["https://example.com/image_111_1.jpg","https://example.com/image_111_2.jpg","https://example.com/image_111_3.jpg","https://example.com/image_111_4.jpg"]'
              ,'2025-01-07 00:00:00+00','2025-07-10 00:00:10.245208+00',null,null),
            ( '469','112','1','harvest_record','9cfc40b4-96ec-490b-9a77-95125fe60510',null,'pending'
              ,null,
'["https://example.com/image_112_1.jpg","https://example.com/image_112_2.jpg","https://example.com/image_112_3.jpg","https://example.com/image_112_4.jpg"]'
              ,'2025-01-07 00:00:00+00','2025-07-10 00:00:10.245208+00',null,null),
            ( '470','113','2','harvest_record','9cfc40b4-96ec-490b-9a77-95125fe60510',null,'pending'
              ,null,
'["https://example.com/image_113_1.jpg","https://example.com/image_113_2.jpg","https://example.com/image_113_3.jpg","https://example.com/image_113_4.jpg"]'
              ,'2025-01-06 00:00:00+00','2025-07-10 00:00:10.245208+00',null,null),
            ( '471','114','2','harvest_record','2878fd73-539b-4583-8cbb-371a58ce6251',null,'pending'
              ,null,
'["https://example.com/image_114_1.jpg","https://example.com/image_114_2.jpg","https://example.com/image_114_3.jpg","https://example.com/image_114_4.jpg"]'
              ,'2025-01-10 00:00:00+00','2025-07-10 00:00:10.245208+00',null,null),
            ( '472','115','2','harvest_record','9cfc40b4-96ec-490b-9a77-95125fe60510',null,'pending'
              ,null,
'["https://example.com/image_115_1.jpg","https://example.com/image_115_2.jpg","https://example.com/image_115_3.jpg","https://example.com/image_115_4.jpg"]'
              ,'2025-01-30 00:00:00+00','2025-07-10 00:00:10.245208+00',null,null),
            ( '473','116','2','harvest_record','9cfc40b4-96ec-490b-9a77-95125fe60510',null,'pending'
              ,null,
'["https://example.com/image_116_1.jpg","https://example.com/image_116_2.jpg","https://example.com/image_116_3.jpg","https://example.com/image_116_4.jpg"]'
              ,'2025-02-05 00:00:00+00','2025-07-10 00:00:10.245208+00',null,null),
            ( '474','117','1','harvest_record','9cfc40b4-96ec-490b-9a77-95125fe60510',null,'pending'
              ,null,
'["https://example.com/image_117_1.jpg","https://example.com/image_117_2.jpg","https://example.com/image_117_3.jpg","https://example.com/image_117_4.jpg"]'
              ,'2024-12-17 00:00:00+00','2025-07-10 00:00:10.245208+00',null,null),
            ( '475','118','2','harvest_record','9cfc40b4-96ec-490b-9a77-95125fe60510',null,'pending'
              ,null,
'["https://example.com/image_118_1.jpg","https://example.com/image_118_2.jpg","https://example.com/image_118_3.jpg","https://example.com/image_118_4.jpg"]'
              ,'2025-01-30 00:00:00+00','2025-07-10 00:00:10.245208+00',null,null),
            ( '476','119','2','harvest_record','9cfc40b4-96ec-490b-9a77-95125fe60510',null,'pending'
              ,null,
'["https://example.com/image_119_1.jpg","https://example.com/image_119_2.jpg","https://example.com/image_119_3.jpg","https://example.com/image_119_4.jpg"]'
              ,'2025-02-24 00:00:00+00','2025-07-10 00:00:10.245208+00',null,null); 


insert into public.field_plannings
(
  id,
  land_preparation_start_date,
  est_crop_establishment_date,
  est_crop_establishment_method,
  total_field_area_ha, -- ha
  ecosystem,
  soil_type,
  current_field_condition,
  crop_planted,
  crop_status
)
values      ( '1','2024-06-07','2024-06-15','Direct-seeded','1.2','Irrigated',
              'Loamy Clayey',
              'Fallow','Rice','Tillering'),
            ( '2','2024-06-10','2024-06-20','Direct-seeded','1','Irrigated',
              'Loamy Clayey',
              'Fallow','Rice','Tillering'),
            ( '3','2024-11-05','2024-11-25','Direct-seeded','0.75','Irrigated',
              'Loamy Clayey',
              'Just Harvested','Rice','Tillering'),
            ( '4','2024-09-23','2024-10-07','Direct-seeded','0.8','Irrigated',
              'Loamy Clayey',
              'Just Harvested','Rice','Tillering'),
            ( '5','2024-10-27','2024-11-25','Direct-seeded','0.5','Irrigated',
              'Loamy Clayey',
              'Just Harvested','Rice','Tillering'),
            ( '6','2024-11-10','2024-11-27','Direct-seeded','1','Rainfed',
              'Loamy Clayey',
              'Fallow','Rice','Tillering'),
            ( '7','2024-12-03','2024-12-10','Transplanted','1','Rainfed',
              'Loamy Clayey',
              'Just harvested','Rice','Tillering'),
            ( '8','2024-11-20','2024-12-05','Direct-seeded','0.7','Rainfed',
              'Loamy Clayey',
              'Fallow','Rice','Tillering'),
            ( '9','2024-11-15','2024-12-27','Direct-seeded','1','Rainfed',
              'Loamy Clayey',
              'Fallow','Rice','Tillering'),
            ( '10','2024-11-06','2024-11-27','Direct-seeded','0.264','Rainfed',
              'Loamy Clayey',
              'Land preparation','Rice','Tillering'),
            ( '11','2024-09-25','2024-11-15','Direct-seeded','1','Rainfed',
              'Clayey',
              'Land preparation','Rice','Tillering'),
            ( '12','2024-09-25','2024-11-10','Direct-seeded','1','Rainfed',
              'Clayey',
              'Land preparation','Rice','Tillering'),
            ( '13','2024-11-07','2024-11-29','Direct-seeded','0.5','Rainfed',
              'Loamy',
              'Just harvested','Rice','Tillering'),
            ( '14','2024-09-20','2024-10-18','Direct-seeded','0.25','Rainfed',
              'Loamy',
              'Land preparation','Rice','Tillering'),
            ( '15','2024-10-10','2024-11-23','Direct-seeded','0.25','Rainfed',
              'Loamy',
              'Land preparation','Rice','Tillering'),
            ( '16','2024-11-20','2024-12-10','Direct-seeded','0.8','Irrigated',
              'Loamy Clayey',
              'Just harvested','Rice','Tillering'),
            ( '17','2024-11-20','2024-12-15','Direct-seeded','0.16','Irrigated',
              'Loamy Clayey'
              ,'Land preparation','Rice','Tillering'),
            ( '18','2024-11-03','2024-11-20','Direct-seeded','0.33','Irrigated',
              'Loamy Clayey'
              ,'Just harvested','Rice','Tillering'),
            ( '19','2024-11-25','2024-12-15','Direct-seeded','0.32','Irrigated',
              'Loamy Clayey'
              ,'Just harvested','Rice','Tillering'),
            ( '20','2024-11-18','2024-12-10','Transplanted','0.5','Irrigated',
              'Loamy Clayey',
              'Just harvested','Rice','Tillering'),
            ( '21','2024-10-13','2024-10-28','Direct-seeded','0.7','Irrigated',
              'Loamy Clayey',
              'Land Preparation','Rice','Tillering'),
            ( '22','2024-09-25','2024-10-05','Direct-seeded','0.7','Irrigated',
              'Clayey',
              'Just harvested','Rice','Tillering'),
            ( '23','2024-09-20','2024-10-01','Direct-seeded','0.5','Irrigated',
              'Clayey',
              'Land preparation','Rice','Tillering'),
            ( '24','2024-11-05','2024-11-20','Direct-seeded','0.9','Rainfed',
              'Loamy Clayey',
              'Land preparation','Rice','Tillering'),
            ( '25','2024-10-06','2024-10-28','Direct-seeded','0.5','Rainfed',
              'Loamy Clayey',
              'Planted','Rice','Seedling'),
            ( '26','2024-10-06','2024-10-13','Direct-seeded','2.1','Rainfed',
              'Loamy Clayey',
              'Planted','Rice','Tillering'),
            ( '27','2024-10-25','2024-11-14','Direct-seeded','0.9','Irrigated',
              'Loamy Clayey',
              'Just harvested','Rice','Tillering'),
            ( '28','2025-01-03','2025-01-10','Direct-seeded','0.71','Irrigated',
              'Loamy',
              'Planted','Rice','Dough'),
            ( '29','2024-10-28','2024-11-20','Direct-seeded','1','Irrigated',
              'Loamy Clayey',
              'Just Harvested','Rice','Tillering'),
            ( '30','2024-10-12','2024-10-30','Direct-seeded','0.25','Rainfed',
              'Loamy Clayey',
              'Land Preparation','Rice','Tillering'),
            ( '31','2024-10-29','2024-11-29','Direct-seeded','1.86','Rainfed',
              'Loamy Clayey',
              'Just harvested','Rice','Tillering'),
            ( '32','2024-10-28','2024-11-06','Direct-seeded','0.5026','Rainfed',
              'Loamy Clayey'
              ,'Just harvested','Rice','Tillering'),
            ( '33','2024-10-27','2024-11-12','Direct-seeded','1','Irrigated',
              'Loamy Clayey',
              'Land preparation','Rice','Tillering'),
            ( '34','2024-09-25','2024-11-13','Direct-seeded','1.23','Irrigated',
              'Loamy Clayey'
              ,'Land preparation','Rice','Tillering'),
            ( '35','2024-10-20','2024-11-20','Direct-seeded','2','Irrigated',
              'Loamy Clayey',
              'Just harvested','Rice','Tillering'),
            ( '36','2024-11-19','2024-12-08','Direct-seeded','1.23','Irrigated',
              'Loamy Clayey'
              ,'Land preparation','Rice','Tillering'),
            ( '37','2024-10-28','2024-11-10','Direct-seeded','1.68','Irrigated',
              'Loamy Clayey'
              ,'Land preparation','Rice','Tillering'),
            ( '38','2024-09-21','2024-09-26','Direct-seeded','1.02','Irrigated',
              'Clayey',
              'Planted','Rice','Seedling'),
            ( '39','2024-10-10','2024-10-27','Transplanted','0.29','Rainfed',
              'Clayey',
              'Planted','Rice','Tillering'),
            ( '40','2024-10-19','2024-11-06','Direct-seeded','0.9','Irrigated',
              'Loamy Clayey',
              'Planted','Rice','Seedling'),
            ( '41','2024-11-05','2024-11-15','Direct-seeded','0.5','Irrigated',
              'Loamy Clayey',
              'Just harvested','Rice','Tillering'),
            ( '42','2024-10-10','2024-11-03','Direct-seeded','0.75','Irrigated',
              'Loamy Clayey'
              ,'Just harvested','Rice','Tillering'),
            ( '43','2024-10-20','2024-11-05','Direct-seeded','1','Irrigated',
              'Loamy Clayey',
              'Just harvested','Rice','Tillering'),
            ( '44','2024-08-26','2024-09-20','Direct-seeded','0.65','Irrigated',
              'Loamy Clayey'
              ,'Planted','Rice','Seedling'),
            ( '45','2024-10-25','2024-11-15','Direct-seeded','0.25','Irrigated',
              'Loamy Clayey'
              ,'Just harvested','Rice','Tillering'),
            ( '46','2024-10-05','2024-10-23','Direct-seeded','4.5','Rainfed',
              'Loamy',
              'Land preparation','Rice','Tillering'),
            ( '47','2024-10-25','2024-11-04','Direct-seeded','0.5','Rainfed',
              'Loamy Clayey',
              'Just harvested','Rice','Tillering'),
            ( '48','2024-11-27','2024-11-30','Direct-seeded','3','Rainfed',
              'Loamy Clayey',
              'Just harvested','Rice','Tillering'),
            ( '49','2024-10-23','2024-11-04','Direct-seeded','3.25','Rainfed ',
              'Loamy Clayey',
              'Just harvested','Rice','Tillering'),
            ( '50','2024-09-13','2024-09-30','Direct-seeded','1','Rainfed',
              'Loamy',
              'Land preparation','Rice','Tillering'),
            ( '51','2024-10-25','2024-11-04','Direct-seeded','1','Rainfed',
              'Loamy Clayey',
              'Just harvested','Rice','Tillering'),
            ( '52','2024-10-25','2024-11-04','Direct-seeded','0.45','Rainfed',
              'Loamy Clayey',
              'Just harvested','Rice','Tillering'),
            ( '53','2024-10-30','2024-11-20','Direct-seeded','0.5','Rainfed',
              'Loamy Clayey',
              'Just harvested','Rice','Tillering'),
            ( '54','2024-10-15','2024-10-25','Direct-seeded','1','Irrigated',
              'Loamy Clayey',
              'Land preparation','Rice','Tillering'),
            ( '55','2024-10-13','2024-10-25','Direct-seeded','1','Rainfed',
              'Loamy Clayey',
              'Land preparation','Rice','Tillering'),
            ( '56','2024-10-04','2024-11-08','Direct-seeded','2.4','Rainfed',
              'Loamy Clayey',
              'Land preparation','Rice','Tillering'),
            ( '57','2024-11-05','2024-11-26','Direct-seeded','2.4','Rainfed',
              'Loamy Clayey',
              'Just harvested','Rice','Tillering'),
            ( '58','2024-11-13','2024-11-30','Direct-seeded','0.5','Rainfed',
              'Loamy Clayey',
              'Fallow','Rice','Tillering'),
            ( '59','2024-10-18','2024-11-05','Direct-seeded','2.3','Rainfed',
              'Loamy Clayey',
              'Land preparation','Rice','Tillering'),
            ( '60','2024-10-18','2024-10-28','Direct-seeded','1.6','Rainfed',
              'Loamy Clayey',
              'Just harvested','Rice','Tillering'),
            ( '61','2024-11-09','2024-11-28','Direct-seeded','10','Irrigated',
              'Loamy Clayey',
              'Just harvested','Rice','Tillering'),
            ( '62','2024-11-14','2024-11-28','Transplanted','1.5','Irrigated',
              'Loamy Clayey',
              'Planted','Rice','Tillering'),
            ( '63','2024-11-05','2024-11-25','Direct Seeded','1','Irrigated',
              'Clayey',
              'Land Preparation','Rice','Tillering'),
            ( '64','2024-10-15','2024-11-02','Direct Seeded','1','Irrigated',
              'Clayey',
              'Planted','Rice','Tillering'),
            ( '65','2024-10-01','2024-10-10','Direct Seeded','1.5','Irrigated',
              'Clayey',
              'Planted','Rice','Tillering'),
            ( '66','2024-10-20','2024-11-07','Direct Seeded','1.2','Rainfed',
              'Clayey',
              'Planted','Rice','Tillering'),
            ( '67','2024-11-05','2024-11-20','Direct Seeded','0.7','Rainfed',
              'Loamy Clayey',
              'Planted','Rice','Seedling'),
            ( '68','2024-10-19','2024-11-06','Direct Seeded','4.8','Irrigated',
              'Loamy Clayey',
              'Land Preparation','Rice','Tillering'),
            ( '69','2024-10-19','2024-11-06','Direct Seeded','0.5','Irrigated',
              'Loamy Clayey',
              'Land Preparation','Rice','Tillering'),
            ( '70','2024-10-06','2024-10-16','Direct Seeded','1','Irrigated',
              'Loamy Clayey',
              'Planted','Rice','Seedling'),
            ( '71','2024-09-24','2024-10-20','Direct-seeded','1','Rainfed',
              'Loamy Clayey',
              'Fallow','Rice','Tillering'),
            ( '72','2024-10-13','2024-10-25','Direct-seeded','1','Rainfed',
              'Loamy Clayey',
              'Planted','Rice','Germination'),
            ( '73','2024-10-15','2024-10-30','Direct Seeded','0.66','Rainfed',
              'Sandy',
              'Planted','Rice','Tillering'),
            ( '74','2024-10-30','2024-11-11','Direct Seeded','0.8','Rainfed',
              'Loamy Clayey',
              'Planted','Rice','Germination'),
            ( '75','2024-11-08','2024-11-16','Direct Seeded','1','Rainfed',
              'Loamy Clayey',
              'Land Preparation','Rice','Tillering'),
            ( '76','2024-10-03','2024-11-20','Direct-seeded','0.5','Rainfed',
              'Loamy Clayey',
              'Just harvested','Rice','Tillering'),
            ( '77','2024-10-03','2024-10-24','Direct-seeded','2','Irrigated',
              'Loamy Clayey',
              'Land preparation','Rice','Tillering'),
            ( '78','2024-10-25','2024-11-06','Transplanted','1','Irrigated',
              'Loamy Clayey',
              'Land preparation','Rice','Tillering'),
            ( '79','2024-10-03','2024-10-24','Transplanted','2','Rainfed',
              'Loamy Clayey',
              'Land preparation','Rice','Tillering'),
            ( '80','2024-10-25','2024-11-06','Transplanted','1','Rainfed',
              'Loamy Clayey',
              'Land preparation','Rice','Tillering'),
            ( '81','2024-09-03','2024-09-23','Direct-seeded','1.15','Irrigated',
              'Clayey',
              'Land preparation','Rice','Tillering'),
            ( '82','2024-09-02','2024-09-24','Transplanted','1','Irrigated',
              'Clayey',
              'Land preparation','Rice','Tillering'),
            ( '83','2024-08-30','2024-09-10','Direct-seeded','1','Rainfed',
              'Clayey',
              'Just harvested','Rice','Tillering'),
            ( '84','2024-08-30','2024-09-12','Direct-seeded','1.6','Rainfed',
              'Clayey',
              'Just harvested','Rice','Tillering'),
            ( '85','2024-09-04','2024-09-22','Direct-seeded','2.7','Rainfed',
              'Clayey',
              'Just harvested','Rice','Tillering'),
            ( '86','2024-09-10','2024-10-03','Direct-seeded','0.37','Rainfed',
              'Clayey',
              'Just harvested','Rice','Tillering'),
            ( '87','2024-09-25','2024-10-01','Direct-seeded','2','Rainfed',
              'Clayey','Fallow',
              'Rice','Tillering'),
            ( '88','2024-08-12','2024-09-21','Direct-seeded','1.4','Rainfed',
              'Loamy Clayey',
              'Land preparation','Rice','Tillering'),
            ( '89','2024-11-10','2024-11-25','Direct-seeded','0.17','Rainfed',
              'Sandy Loamy',
              'Just harvested','Rice','Tillering'),
            ( '90','2024-11-14','2024-12-14','Transplanted','1','Rainfed',
              'Loamy Clayey',
              'Just harvested','Rice','Tillering'),
            ( '91','2024-09-05','2024-09-30','Direct-seeded','1','Rainfed',
              'Clayey',
              'Land preparation','Rice','Tillering'),
            ( '92','2024-10-02','2024-10-28','Direct-seeded','1.5','Irrigated',
              'Loamy Clayey',
              'Land preparation','Rice','Tillering'),
            ( '93','2024-10-19','2024-11-03','Direct-seeded','1','Irrigated',
              'Loamy Clayey',
              'Land preparation','Rice','Tillering'),
            ( '94','2024-11-19','2024-12-07','Direct-seeded','1','Rainfed',
              'Loamy Clayey',
              'Planted','Rice','Tillering'),
            ( '95','2024-10-13','2024-11-02','Transplanted','1.5','Irrigated',
              'Loamy Clayey',
              'Land preparation','Rice','Tillering'),
            ( '96','2024-10-20','2024-11-05','Direct-seeded','0.72','Irrigated',
              'Loamy',
              'Land preparation','Rice','Tillering'),
            ( '97','2024-11-15','2024-12-01','Direct-seeded','3.9','Irrigated',
              'Loamy Clayey',
              'Just harvested','Rice','Tillering'),
            ( '98','2024-10-24','2024-11-13','Direct-seeded','0.8','Irrigated',
              'Loamy Clayey',
              'Just harvested','Rice','Tillering'),
            ( '99','2024-10-23','2024-11-15','Direct-seeded','0.5','Irrigated',
              'Loamy Clayey',
              'Just harvested','Rice','Tillering'),
            ( '100','2024-10-25','2024-11-14','Direct Seeded','0.7','Rainfed',
              'Loamy Clayey',
              'Planted','Rice','Seeding'),
            ( '101','2024-12-10','2024-12-20','Direct Seeded','0.75','Rainfed',
              'Loamy Clayey',
              'Fallow','Rice','Tillering'),
            ( '102','2024-12-10','2024-12-20','Direct Seeded','5','Rainfed',
              'Loamy Clayey',
              'Fallow','Rice','Tillering'),
            ( '103','2024-10-12','2024-10-12','Direct Seeded','1','Irrigated',
              'Loamy Clayey',
              'Fallow','Rice','Tillering'),
            ( '104','2024-09-14','2024-11-14','Direct Seeded','1.5','Irrigated',
              'Loamy Clayey'
              ,'Just harvested','Rice','Tillering'),
            ( '105','2024-09-25','2024-10-10','Direct-seeded','2','Rainfed',
              'Loamy Clayey',
              'Planted','Rice','Tillering'),
            ( '106','2024-09-20','2024-10-04','Direct-seeded','0.5','Rainfed',
              'Loamy Clayey',
              'Planted','Rice','Tillering'),
            ( '107','2024-09-20','2024-10-01','Direct-seeded','0.6','Rainfed',
              'Loamy Clayey',
              'Planted','Rice','Tillering'),
            ( '108','2024-12-10','2024-12-20','Direct Seeded','4.5','Rainfed',
              'Loamy Clayey',
              'Fallow','Rice','Tillering'),
            ( '109','2024-11-15','2024-11-20','Direct Seeded','2','Rainfed',
              'Loamy Clayey',
              'Just harvested','Rice','Tillering'),
            ( '110','2024-09-16','2024-10-16','Direct Seeded','1','Rainfed',
              'Loamy Clayey',
              'Land preparation','Rice','Tillering'),
            ( '111','2024-09-15','2024-10-02','Direct-seeded','1','Irrigated',
              'Loamy Clayey',
              'Land Preparation','Rice','Tillering'),
            ( '112','2024-09-19','2024-09-29','Direct-seeded','0.33','Rainfed',
              'Sandy- Clayey'
              ,'Land Preparation','Rice','Tillering'),
            ( '113','2024-10-20','2024-11-05','Direct-seeded','3','Irrigated',
              'Loamy Clayey',
              'Planted','Rice','Tillering'),
            ( '114','2024-10-03','2024-10-04','Direct-seeded','0.67','Irrigated'
              ,
              'Loamy Clayey','Land Preparation','Rice','Tillering'),
            ( '115','2024-10-28','2024-11-10','Direct Seeded','0.75','Irrigated'
              ,
              'Loamy Clayey','Planted','Rice','Tillering'),
            ( '116','2024-10-15','2024-11-15','Direct Seeded','1.3','Irrigated',
              'Loamy Clayey'
              ,'Fallow','Rice','Tillering'),
            ( '117','2024-10-07','2024-10-15','Direct Seeded','1.2','Irrigated',
              'Loamy Clayey'
              ,'Planted','Rice','Tillering'),
            ( '118','2024-09-15','2024-09-25','Direct Seeded','1.2','Rainfed',
              'Clayey',
              'Land preparation','Rice','Tillering'),
            ( '119','2024-09-28','2024-10-09','Direct Seeded','1','Rainfed',
              'Loamy Clayey',
              'Land preparation','Rice','Tillering'); 

insert into public.crop_establishments
            (id, monitoring_field_area_sqm, actual_land_preparation_method,
             actual_crop_establishment_date, actual_crop_establishment_method,
             sowing_date, seedling_age_at_transplanting,
             distance_between_plant_row_1, distance_between_plant_row_2,
             distance_between_plant_row_3, distance_within_plant_row_1,
             distance_within_plant_row_2, distance_within_plant_row_3,
             seeding_rate_kg_ha, direct_seeding_method, num_plants_1,
             num_plants_2, num_plants_3, rice_variety, rice_variety_no,
             rice_variety_maturity_duration, seed_class, crop_growth_stage)

values ( '1','0.132','Wet','2024-12-20','Direct-seeded',null,null,null,null
         ,null,null,
         null,null,'160','Broadcasted','10','15','28','PBS Rc','10','90',
         'Good','Tillering'),
       ( '2','0.0835','Wet','2024-12-17','Direct-seeded',null,null,null,
         null,null,null,
         null,null,'120','Broadcasted','15','21','18','PBS Rc','10','90',
         'Good','Tillering'),
       ( '3','0.14','Wet','2024-11-25','Direct-seeded',null,null,null,null,
         null,null,null
         ,null,'120','Broadcasted','28','30','22','NSIC_Rc','222','106',
         'Good','Tillering'),
       ( '4','0.101','Wet','2024-10-07','Direct-seeded',null,null,null,null
         ,null,null,
         null,null,'100','Broadcasted','15','21','18','NSIC_Rc','416','116'
         ,'Good','Flowering'),
       ( '5','0.07','Wet','2024-11-25','Direct-seeded',null,null,null,null,
         null,null,null
         ,null,'160','Broadcasted','15','20','19','NSIC_Rc','222','110',
         'Certified','Tillering'),
       ( '6','0.04','Wet','2024-11-27','Direct seeded ',null,null,null,null
         ,null,null,
         null,null,'160','Broadcasted','42','42','40','NSIC_Rc','400','113'
         ,'Good','Tillering'),
       ( '7','0.06','Wet','2024-12-10','Transplanted','2024-11-30','19',
         '15','20','15',
         '16','15','15',null,null,null,null,null,'PSB_Rc','10','90','Good',
         'Tillering'),
       ( '8','0.1','Wet','2024-12-05','Direct seeded ',null,null,null,null,
         null,null,null
         ,null,'160','Broadcasted','47','32','36','PSB_Rc','10','90','Good'
         ,'Tillering'),
       ( '9','0.09','Wet','2024-12-27','Direct seeded ',null,null,null,null
         ,null,null,
         null,null,'181','Broadcasted','19','20','18','PSB_Rc','10','90',
         'Good','Tillering'),
       ( '10','0.07','Wet','2024-11-27','Direct seeded ',null,null,null,
         null,null,null,
         null,null,'160','Broadcasted','25','29','24','NSIC_Rc','416','116'
         ,'Good','Tillering'),
       ( '11','0.1716','Wet','2024-11-16','Direct-seeded',null,null,null,
         null,null,null,
         null,null,'25','Broadcasted','20','25','19','NSIC_Rc','216','112',
         'Good','Tillering'),
       ( '12','0.1342','Wet','2024-11-05','Direct-seeded',null,null,null,
         null,null,null,
         null,null,'38','Broadcasted','20','18','15','NSIC_Rc','222','114',
         'Certified','Tillering'),
       ( '13','0.15','Wet','2024-11-09','Direct-seeded',null,null,null,null
         ,null,null,
         null,null,'20','Broadcasted','12','16','14','NSIC_Rc','480','107',
         'Certified','Tillering'),
       ( '14','0.3659','Wet','2024-11-03','Direct-seeded',null,null,null,
         null,null,null,
         null,null,'80','Broadcasted','14','10','13','NSIC_Rc','216','112',
         'Certified','Tillering'),
       ( '15','0.18','Wet','2024-11-25','Direct-seeded',null,null,null,null
         ,null,null,
         null,null,'95','Broadcasted','15','18','14','NSIC_Rc','216','112',
         'Certified','Tillering'),
       ( '16','0.08','Wet','2024-12-10','Direct-seeded',null,null,null,null
         ,null,null,
         null,null,'140','Broadcasted','28','29','27','PSB_Rc','82','110',
         'Certified','Tillering'),
       ( '17','0.1','Wet','2024-12-15','Direct-seeded',null,null,null,null,
         null,null,null
         ,null,'120','Broadcasted','12','11','10','NSIC_Rc','308','105',
         'Certified','Seedling'),
       ( '18','0.13','Wet','2024-11-20','Direct-seeded',null,null,null,null
         ,null,null,
         null,null,'120','Broadcasted','13','12','12','NSIC_Rc','10','10',
         'Good','Tillering'),
       ( '19','0.13','Wet','2024-12-15','Direct-seeded',null,null,null,null
         ,null,null,
         null,null,'120','Broadcasted','11','10','12','NSIC_Rc','216','112'
         ,'Certified','Tillering'),
       ( '20','0.14','Wet','2024-12-10','Transplanted','2024-11-27','21',
         '20','19','21',
         '17','18','17',null,null,null,null,null,'PSB_Rc','82','110',
         'Registered','Tillering'),
       ( '21','0.04','Wet','2024-10-28','Direct-seeded',null,null,null,null
         ,null,null,
         null,null,'171','Broadcasted','28','30','22','NSIC_Rc','222','100'
         ,'Good','Tillering'),
       ( '22','0.054','Wet','2024-10-05','Direct-seeded',null,null,null,
         null,null,null,
         null,null,'181','Broadcasted','29','21','26','NSIC_Rc','216','104'
         ,'Certified','Tillering'),
       ( '23','0.3','Wet','2024-10-01','Direct-seeded',null,null,null,null,
         null,null,null
         ,null,'153','Broadcasted','21','25','19','NSIC_Rc','216','104',
         'Registered','Tillering'),
       ( '24','0.07','Wet','2024-11-20','Direct-seeded',null,null,null,null
         ,null,null,
         null,null,'171','Broadcasted','18','19','17','Bigante plus ','216'
         ,'118','Hybrid','Tillering'),
       ( '25','0.1523','Wet','2024-10-28','Direct-seeded',null,null,null,
         null,null,null,
         null,null,'25','Broadcasted','20','25','19','PSB_Rc','10','90',
         'Certified','Tillering'),
       ( '26','0.55','Wet','2024-10-13','Direct-seeded',null,null,null,null
         ,null,null,
         null,null,'95','Broadcasted','15','18','14','NSIC_Rc','222','98',
         'Good','Tillering'),
       ( '27','0.08','Wet','2024-11-14','Direct-seeded',null,null,null,null
         ,null,null,
         null,null,'80','Broadcasted','21','24','27','NSIC_Rc','222','106',
         'Certified','Tillering'),
       ( '28','0.0984','Wet','2025-01-10','Direct-seeded',null,null,null,
         null,null,null,
         null,null,'120','Broadcasted','16','15','16','Dannara','216','120'
         ,'Good','Tillering'),
       ( '29','0.2165','Wet','2024-11-20','Direct-seeded',null,null,null,
         null,null,null,
         null,null,'60','Broadcasted','6','5','7','Habilis plus','216',
         '118','Hybrid','Tillering'),
       ( '30','0.05','Wet','2024-10-30','Direct-seeded',null,null,null,null
         ,null,null,
         null,null,'20','Broadcasted','12','16','14','NSIC_Rc','216','105',
         'Good','Tillering'),
       ( '31','0.09','Wet','2024-11-29','Direct seeded ',null,null,null,
         null,null,null,
         null,null,'32','Broadcasted','3','4','3','NSIC_Rc','410','112',
         'Hybrid','Tillering'),
       ( '32','0.15','Wet','2024-11-06','Direct seeded ',null,null,null,
         null,null,null,
         null,null,'80','Broadcasted','8','78','9','NSIC_Rc','428','107',
         'Good','Tillering'),
       ( '33','0.25','Wet','2024-11-12','Direct seeded ',null,null,null,
         null,null,null,
         null,null,'67','Broadcasted','6','7','7','PSB Rc','10','95','Good'
         ,'Tillering'),
       ( '34','0.17','Wet','2024-11-13','Direct seeded ',null,null,null,
         null,null,null,
         null,null,'160','Broadcasted','15','11','17','NSIC_Rc','27','107',
         'Good','Tillering'),
       ( '35','0.96','Wet','2024-11-20','Direct seeded ',null,null,null,
         null,null,null,
         null,null,'160','Broadcasted','16','12','14','PSB Rc','82','110',
         'Good','Tillering'),
       ( '36','0.12','Wet','2024-12-08','Transplanted ','2024-11-16','18',
         '16','18','17',
         '14','16','15','80','Broadcasted','21','24','27','NSIC_Rc','410',
         '115','Hybrid','Tillering'),
       ( '37','0.10185','Wet','2024-11-10','Transplanted ','2024-11-08',
         '20','17','20',
         '18','16','17','16','20','Broadcasted','12','16','14','TH82','216'
         ,'115','Hybrid','Tillering'),
       ( '38','0.0913','Wet','2024-09-26','Direct seeded ',null,null,null,
         null,null,null,
         null,null,'80','Broadcasted','5','5','6','PSB Rc','10','95','Good'
         ,'Tillering'),
       ( '39','0.0548','Wet','2024-10-27','Transplanted','2024-10-01','22',
         '19','21','20'
         ,'18','19','18',null,null,null,null,null,'NSIC_Rc','666','112',
         'Hybrid','Tillering'),
       ( '40','0.0655','Wet','2024-11-06','Direct-seeded',null,null,null,
         null,null,null,
         null,null,'15','Broadcasted','5','5','6','NSIC_Rc','27','85',
         'Good','Tillering'),
       ( '41','0.13','Wet','2024-11-15','Direct-seeded',null,null,null,null
         ,null,null,
         null,null,'15','Broadcasted','5','5','6','NSIC_Rc','416','116',
         'Good','Tillering'),
       ( '42','0.142','Wet','2024-11-03','Direct-seeded',null,null,null,
         null,null,null,
         null,null,'120','Broadcasted','7','8','8','NSIC_Rc','27','85',
         'Good','Tillering'),
       ( '43','0.1635','Wet','2024-11-05','Direct-seeded',null,null,null,
         null,null,null,
         null,null,'160','Broadcasted','15','11','17','NSIC_Rc','222','90',
         'Certified','Tillering'),
       ( '44','0.1787','Wet','2024-09-20','Direct-seeded',null,null,null,
         null,null,null,
         null,null,'180','Broadcasted','17','19','19','PSB Rc','10','96',
         'Good','Panicle initiation'),
       ( '45','0.1938','Wet','2024-11-15','Direct-seeded',null,null,null,
         null,null,null,
         null,null,'30','Broadcasted','13','17','16','PSB Rc','10','85',
         'Good','Tillering'),
       ( '46','0.3','Wet','2024-10-23','Direct-seeded',null,null,null,null,
         null,null,null
         ,null,'133','Broadcasted','19','24','17','NSIC_Rc','216','100',
         'Good','Tillering'),
       ( '47','0.1249','Wet','2024-11-04','Direct-seeded',null,null,null,
         null,null,null,
         null,null,'200','Broadcasted','11','14','17','NSIC_Rc','216','106'
         ,'Good','fallow'),
       ( '48','0.0948','Wet','2024-11-30','Direct-seeded',null,null,null,
         null,null,null,
         null,null,'160','Broadcasted','23','20','18','NSIC_Rc','398','100'
         ,'Good','maturity'),
       ( '49','0.711','Wet','2024-11-04','Direct-seeded',null,null,null,
         null,null,null,
         null,null,'40','Broadcasted','13','15','17','NSIC_Rc','226','100',
         'Certified','seedling'),
       ( '50','0.13','Wet','2024-09-30','Direct-seeded',null,null,null,null
         ,null,null,
         null,null,'15','Broadcasted','5','5','6','NSIC_Rc','216','100',
         'Good','Tillering'),
       ( '51','0.0463','Wet','2024-11-04','Direct seeded ',null,null,null,
         null,null,null,
         null,null,'37','Broadcasted','9','10','13','PSB Rc','10','106',
         'Good','seedling'),
       ( '52','0.3','Wet','2024-11-04','Direct seeded',null,null,null,null,
         null,null,null
         ,null,'120','Broadcasted','7','8','8','NSIC_Rc','358','114','Good'
         ,'germination'),
       ( '53','0.1027','Wet','2024-11-20','Direct seeded',null,null,null,
         null,null,null,
         null,null,'50','Broadcasted','15','16','21','NSIC_Rc','27','107',
         'Good','germination'),
       ( '54','0.1079','Wet','2024-10-25','Direct seeded',null,null,null,
         null,null,null,
         null,null,'160','Broadcasted','15','11','17','NSIC_Rc','222','106'
         ,'Certified','Tillering'),
       ( '55','0.0742','Wet','2024-10-25','Direct seeded ',null,null,null,
         null,null,null,
         null,null,'200','Broadcasted','26','16','31','NSIC_Rc','27','95',
         'Good','Tillering'),
       ( '56','0.19','Wet','2024-11-08','Direct seeded ',null,null,null,
         null,null,null,
         null,null,'60','Broadcasted','28','22','33','NSIC_Rc','222','105',
         'Good','seedling'),
       ( '57','0.194','Wet','2024-11-26','Direct seeded ',null,null,null,
         null,null,null,
         null,null,'100','Broadcasted','36','17','25','NSIC_Rc','27','85',
         'Good','germination '),
       ( '58','0.0495','Wet','2024-11-30','Direct seeded ',null,null,null,
         null,null,null,
         null,null,'42','Broadcasted','22','18','25','NSIC_Rc','222','95',
         'Good','plowing'),
       ( '59','0.1272','Wet','2024-11-05','Direct seeded ',null,null,null,
         null,null,null,
         null,null,'200','Broadcasted','26','16','31','PSB Rc','10','90',
         'Good','seedling'),
       ( '60','0.17','Wet','2024-10-28','Direct seeded ',null,null,null,
         null,null,null,
         null,null,'46','Broadcasted','13','15','10','PSB Rc','10','85',
         'Good','plowing'),
       ( '61','0.2','Wet','2024-11-28','Direct-seeded',null,null,null,null,
         null,null,null
         ,null,'50','Broadcasted','15','16','21','Quadro Alas','216','104',
         'Hybrid','germination '),
       ( '62','0.2','Dry','2024-11-28','Transplanted',null,'17','15','16',
         '15','14','15',
         '14',null,null,null,null,null,'NSIC_Rc','480','107','Certified',
         'seedling'),
       ( '63','0.17','Wet','2024-11-25','Transplanted','2024-11-08','17',
         '20','20','20',
         '20','20','20',null,null,null,null,null,'NSIC_Rc','666','100',
         'Good','Tillering'),
       ( '64','0.2','Wet','2024-11-02','Transplanted','2024-10-20','13',
         '20','20','20',
         '20','20','20',null,null,null,null,null,'NSIC_Rc','666','110',
         'Good','Tillering'),
       ( '65','0.3','Wet','2024-10-10','Direct-seeded',null,null,null,null,
         null,null,null
         ,null,'38','Broadcasted','20','18','15','NSIC_Rc','666','110',
         'Good','Tillering'),
       ( '66','0.07','Wet','2024-11-07','Direct-seeded',null,null,null,null
         ,null,null,
         null,null,'114','Broadcasted','20','22','17','PSB_Rc','10','90',
         'Good','Tillering'),
       ( '67','0.1','Wet','2024-11-20','Direct-seeded',null,null,null,null,
         null,null,null
         ,null,'158','Broadcasted','17','15','18','NSIC_Rc','216','106',
         'Good','Seedling'),
       ( '68','0.1','Wet','2024-11-06','Direct-seeded',null,null,null,null,
         null,null,null
         ,null,'120','Broadcasted','22','23','16','NSIC_Rc','216','106',
         'Good','Tillering'),
       ( '69','0.10185','Wet','2024-11-06','Direct-seeded',null,null,null,
         null,null,null,
         null,null,'160','Broadcasted','12','15','12','NSIC_Rc','216','106'
         ,'Good','Tillering'),
       ( '70','0.17','Wet','2024-10-16','Direct-seeded',null,null,null,null
         ,null,null,
         null,null,'41','Broadcasted','10','10','10','SL20','110','105',
         'Hybrid','Seedling'),
       ( '71','0.0913','Wet','2024-10-20','Direct seeded ',null,null,null,
         null,null,null,
         null,null,'160','Broadcasted','15','12','10','NSIC_Rc','402','90',
         'Good','Tillering'),
       ( '72','0.10185','Wet','2024-10-25','Direct seeded ',null,null,null,
         null,null,null
         ,null,null,'120','Broadcasted','12','13','14','Dinorado ','216',
         '100','Good','Tillering'),
       ( '73','0.03','Wet','2024-10-30','Direct-seeded',null,null,null,null
         ,null,null,
         null,null,'60','Broadcasted','25','20','20','NSIC_Rc','222','100',
         'Good','Tillering'),
       ( '74','0.3','Wet','2024-11-11','Direct-seeded',null,null,null,null,
         null,null,null
         ,null,'15','Broadcasted','25','32','31','NSIC_Rc','314','115',
         'Hybrid','Tillering'),
       ( '75','0.06','Wet','2024-11-16','Direct-seeded',null,null,null,null
         ,null,null,
         null,null,'160','Broadcasted','48','50','45','NSIC_Rc','222','100'
         ,'Good','Seedling'),
       ( '76','0.1633','Wet','2024-11-20','Direct seeded ',null,null,null,
         null,null,null,
         null,null,'160','Broadcasted','18','17','19','NSIC_Rc','333','105'
         ,'Good','Tillering'),
       ( '77','0.10185','Wet','2024-11-14','Direct-seeded',null,null,null,
         null,null,null,
         null,null,'80','Broadcasted','22','24','23','NSIC_Rc','216','104',
         'Certified','Seedling'),
       ( '78','0.10185','Wet','2024-11-06','Transplanted','2024-10-16','21'
         ,'15','15',
         '15','15','20','20',null,null,null,null,null,'NSIC_Rc','216','114'
         ,'Certified','Seedling'),
       ( '79','0.10185','Dry and Wet','2024-10-24','Transplanted',
         '2024-09-16','19','18',
         '19','17','16','17','16',null,null,null,null,null,'NSIC_Rc','216',
         '112','Certified','Tillering'),
       ( '80','0.10185','Dry and Wet','2024-11-06','Transplanted',
         '2024-10-15','21','20',
         '22','21','19','18','19',null,null,null,null,null,'NSIC_Rc','408',
         '108','Hybrid','Tillering'),
       ( '81','0.0699','Dry','2024-09-23','Transplanted ','2024-09-22','14'
         ,'25','22',
         '22','20','30','30',null,null,null,null,null,'habilis plus','216',
         '115','Hybrid','Tillering'),
       ( '82','0.07','Wet','2024-09-24','Transplanted','2024-09-01','18',
         '17','16','18',
         '15','14','15',null,null,null,null,null,'NSIC_Rc','216','105',
         'Certified','Tillering'),
       ( '83','0.10185','Dry and Wet','2024-09-10','Direct seeded ',null,
         null,null,null,
         null,null,null,null,'160','Broadcasted','16','22','18','NSIC_Rc',
         '216','104','Good','Tillering'),
       ( '84','0.09','Dry and Wet','2024-09-12','Direct seeded ',null,null,
         null,null,null
         ,null,null,null,'180','Broadcasted','20','22','21','NSIC_Rc','10',
         '90','Certified','Tillering'),
       ( '85','0.0882','Wet','2024-09-22','Direct seeded ',null,null,null,
         null,null,null,
         null,null,'160','Broadcasted','18','17','19','NSIC_Rc','226','105'
         ,'Certified','Tillering'),
       ( '86','0.09','Wet','2024-10-03','Direct seeded ',null,null,null,
         null,null,null,
         null,null,'160','Broadcasted','19','20','18','NSIC_Rc','216','106'
         ,'Certified','Seedling'),
       ( '87','0.07','Wet','2024-10-01','Direct seeded ',null,null,null,
         null,null,null,
         null,null,'160','Broadcasted','16','22','18','NSIC_Rc','27','106',
         'Certified','Seedling'),
       ( '88','0.10185','Wet','2024-09-21','Direct seeded ',null,null,null,
         null,null,null
         ,null,null,'140','Broadcasted','15','14','15','NSIC_Rc','216',
         '105','Certified','Tillering'),
       ( '89','0.2753','Wet','2024-11-25','Direct seeded ',null,null,null,
         null,null,null,
         null,null,'120','Broadcasted','12','13','14','NSIC_Rc','160','107'
         ,'Certified','Tillering'),
       ( '90','0.12','Dry and Wet','2024-12-14','Transplanted','2024-11-04'
         ,'20','19',
         '18','20','17','17','16',null,null,null,null,null,'NSIC_Rc','226',
         '114','Certified','Seedling'),
       ( '91','0.10185','Wet','2024-09-30','Direct seeded ',null,null,null,
         null,null,null
         ,null,null,'120','Broadcasted','11','10','12','NSIC_Rc','216',
         '105','Certified','Tillering'),
       ( '92','0.1','Wet','2024-10-28','Direct seeded ',null,null,null,null
         ,null,null,
         null,null,'160','Broadcasted','21','41','36','NSIC_Rc','216','105'
         ,'Certified','Tillering'),
       ( '93','0.23','Wet','2024-11-03','Transplanted','2024-10-07','22',
         '21','22','23',
         '18','19','18',null,null,null,null,null,'NSIC_Rc','216','105',
         'Certified','Tillering'),
       ( '94','0.14','Wet','2024-12-07','Direct seeded ',null,null,null,
         null,null,null,
         null,null,'160','Broadcasted','18','19','17','NSIC_Rc','226','114'
         ,'Certified','Seedling'),
       ( '95','0.1395','Wet','2024-11-02','Transplanted','2024-09-27','19',
         '16','17','18'
         ,'15','15','16',null,null,null,null,null,'NSIC_Rc','222','110',
         'Certified','Tillering'),
       ( '96','0.05','Wet','2024-11-05','Direct seeded ',null,null,null,
         null,null,null,
         null,null,'120','Broadcasted','13','11','10','NSIC_Rc','27','100',
         'Certified','Tillering'),
       ( '97','0.0807','Wet','2024-12-01','Direct seeded ',null,null,null,
         null,null,null,
         null,null,'160','Broadcasted','12','11','13','NSIC_Rc','226','105'
         ,'Good','Tillering'),
       ( '98','0.0515','Wet','2024-11-13','Direct seeded ',null,null,null,
         null,null,null,
         null,null,'120','Broadcasted','24','22','18','NSIC_Rc','226','110'
         ,'Certified','Tillering'),
       ( '99','0.170013','Wet','2024-11-15','Transplanted','2024-11-03',
         '20','18','19',
         '20','17','17','18',null,null,null,null,null,'NSIC_Rc','226','110'
         ,'Certified','Tillering'),
       ( '100','0.1','Wet','2024-11-14','Direct-seeded',null,null,null,null
         ,null,null,
         null,null,'80','Broadcasted','29','25','30','NSIC_Rc','222','100',
         'Certified','Tillering'),
       ( '101','0.06','Wet','2024-12-20','Direct-seeded',null,null,null,
         null,null,null,
         null,null,'80','Broadcasted','27','27','30','PSB_Rc','10','90',
         'Good','Tillering'),
       ( '102','0.07','Dry','2024-12-20','Direct-seeded',null,null,null,
         null,null,null,
         null,null,'100','Broadcasted','39','42','32','PSB_Rc','10','90',
         'Good','Tillering'),
       ( '103','0.10185','Wet','2024-10-12','Direct-seeded',null,null,null,
         null,null,null
         ,null,null,'95','Broadcasted','18','16','9','NSIC_Rc','216','105',
         'Good','Tillering'),
       ( '104','0.10185','Wet','2024-11-14','Transplanted','2024-10-14',
         '18','20','20',
         '20','20','20','20',null,null,null,null,null,'NSIC_Rc','456','110'
         ,'Hybrid','Tillering'),
       ( '105','0.1','Wet','2024-10-10','Direct-seeded',null,null,null,null
         ,null,null,
         null,null,'180','Broadcasted','12','15','18','Red Rice','103',
         '105','Good','Tillering'),
       ( '106','0.05','Wet','2024-10-04','Direct-seeded',null,null,null,
         null,null,null,
         null,null,'120','Broadcasted','20','25','25','NSIC_Rc','480','100'
         ,'Certified','Tillering'),
       ( '107','0.07','Wet','2024-10-01','Direct-seeded',null,null,null,
         null,null,null,
         null,null,'100','Broadcasted','25','27','25','NSIC_Rc','216','100'
         ,'Good','Tillering'),
       ( '108','0.10185','Wet','2024-12-20','Transplanted','2024-11-20',
         '14','20','20',
         '20','20','20','20',null,null,null,null,null,'NSIC_Rc','937','110'
         ,'Hybrid','Tillering'),
       ( '109','0.10185','Wet','2024-11-20','Direct-seeded',null,null,null,
         null,null,null
         ,null,null,'140','Broadcasted','21','10','15','PSB_Rc','10','90',
         'Good','Tillering'),
       ( '110','0.10185','Wet','2024-10-16','Direct-seeded',null,null,null,
         null,null,null
         ,null,null,'160','Broadcasted','22','18','25','PSB_Rc','10','90',
         'Good','Seedling'),
       ( '111','0.04','Wet','2024-10-02','Direct-seeded',null,null,null,
         null,null,null,
         null,null,'120','Broadcasted','14','18','22','PSB_Rc','10','100',
         'Good','Tillering'),
       ( '112','0.04','Wet','2024-09-29','Direct-seeded',null,null,null,
         null,null,null,
         null,null,'25','Broadcasted','21','18','22','Red rice','100','105'
         ,'Good','Tillering'),
       ( '113','0.10185','Wet','2024-11-05','Direct-seeded',null,null,null,
         null,null,null
         ,null,null,'200','Broadcasted','5','5','5','PSB_Rc','10','100',
         'Good','Seedling'),
       ( '114','0.05','Wet','2024-10-04','Direct-seeded',null,null,null,
         null,null,null,
         null,null,'20','Broadcasted','12','14','20','NSIC_Rc','216','106',
         'Certified','Seedling'),
       ( '115','0.10185','Wet','2024-11-10','Transplanted','2024-10-04',
         '14','20','20',
         '20','20','20','20',null,null,null,null,null,'NSIC_Rc','222','110'
         ,'Registered','Seedling'),
       ( '116','0.10185','Wet','2024-11-15','Transplanted','2024-10-11',
         '19','20','20',
         '20','20','20','20',null,null,null,null,null,'NSIC_Rc','548','110'
         ,'Hybrid','Tillering'),
       ( '117','0.10185','Wet','2024-10-15','Direct-seeded',null,null,null,
         null,null,null
         ,null,null,'180','Broadcasted','10','12','14','NSIC_Rc','216',
         '106','Certified','Tillering'),
       ( '118','0.10185','Wet','2024-09-25','Transplanted','2024-09-25',
         '18','20','20',
         '20','20','20','20',null,null,null,null,null,'NSIC_Rc','216','100'
         ,'Registered','Tillering'),
       ( '119','0.10185','Wet','2024-10-09','Transplanted','2024-09-17',
         '23','21','22',
         '23','19','19','20',null,null,null,null,null,'NSIC_Rc','628','105'
         ,'Registered','Tillering'); 

insert into public.fertilization_records
(
  id,
  applied_area_sqm
)
values ('1','1'),
       ('2','0.7'),
       ('3','0.75'),
       ('4','0.47'),
       ('5','0.45'),
       ('6','1'),
       ('7','0.7'),
       ('8','0.5'),
       ('9','0.5'),
       ('10','0.25'),
       ('11','1'),
       ('12','0.7'),
       ('13','0.5'),
       ('14','0.25'),
       ('15','0.25'),
       ('16','0.45'),
       ('17','0.2'),
       ('18','1'),
       ('19','0.8'),
       ('20','1'),
       ('21','0.7'),
       ('22','0.7'),
       ('23','0.5'),
       ('24','0.9'),
       ('25','0.15'),
       ('26','1'),
       ('27','1'),
       ('28','0.71'),
       ('29','1'),
       ('30','0.3'),
       ('31','1'),
       ('32','1'),
       ('33','1'),
       ('34','1'),
       ('35','1'),
       ('36','1'),
       ('37','1'),
       ('38','1'),
       ('39','0.43'),
       ('40','1'),
       ('41','0.5'),
       ('42','0.75'),
       ('43','1'),
       ('44','0.65'),
       ('45','0.25'),
       ('46','1'),
       ('47','0.32'),
       ('48','3'),
       ('49','3'),
       ('50','1.21'),
       ('51','1'),
       ('52','0.45'),
       ('53','0.5'),
       ('54','1'),
       ('55','1'),
       ('56','1.5'),
       ('57','1.4'),
       ('58','0.6'),
       ('59','2.3'),
       ('60','2.3'),
       ('61','1'),
       ('62','1.5'),
       ('63','1'),
       ('64','1.8'),
       ('65','1.2'),
       ('66','0.7'),
       ('67','4.4'),
       ('68','0.5'),
       ('69','1.1'),
       ('70','1'),
       ('71','1'),
       ('72','1'),
       ('73','0.66'),
       ('74','1'),
       ('75','1'),
       ('76','0.5'),
       ('77','1'),
       ('78','1'),
       ('79','1'),
       ('80','1'),
       ('81','1.17'),
       ('82','1'),
       ('83','1'),
       ('84','3'),
       ('85','2.7'),
       ('86','0.37'),
       ('87','2.5'),
       ('88','0.77'),
       ('89','0.17'),
       ('90','1'),
       ('91','1'),
       ('92','1.5'),
       ('93','1'),
       ('94','1.9'),
       ('95','1.5'),
       ('96','0.72'),
       ('97','3.9'),
       ('98','0.8'),
       ('99','0.5'),
       ('100','1'),
       ('101','0.6'),
       ('102','0.4'),
       ('103','1'),
       ('104','0.5'),
       ('105','0.3'),
       ('106','0.5'),
       ('107','0.6'),
       ('108','1.5'),
       ('109','0.6'),
       ('110','1'),
       ('111','1'),
       ('112','0.332'),
       ('113','1.2'),
       ('114','0.34'),
       ('115','1'),
       ('116','0.9'),
       ('117','1'),
       ('118','1.6'),
       ('119','2.5'); 

insert into public.fertilizer_applications
(
  id,
  fertilization_record_id,
  fertilizer_type,
  brand,
  nitrogen_content,
  phosphorus_content,
  potassium_content,
  amount_applied,
  amount_unit,
  crop_stage_on_application
)
values ( '1','1','inorganic','Complete','0','0','0','100','kg','Tillering'),
       ( '2','1','inorganic','Urea','0','0','0','100','kg','SE_PI'),
       ( '3','2','inorganic','Urea','0','0','0','50','kg','Tillering'),
       ( '4','2','inorganic','Complete','0','0','0','50','kg','Booting'),
       ( '5','3','inorganic','Complete','0','0','0','150','kg','Tillering'),
       ( '6','3','inorganic','Urea','0','0','0','100','kg','SE_PI'),
       ( '7','4','inorganic','Complete','0','0','0','75','kg','Seedling'),
       ( '8','4','inorganic','Complete','0','0','0','75','kg','Tillering'),
       ( '9','4','inorganic','Urea','0','0','0','40','kg','SE_PI'),
       ( '10','5','inorganic','Urea','0','0','0','50','kg','Tillering'),
       ( '11','5','inorganic','Complete','0','0','0','50','kg','Booting'),
       ( '12','6','inorganic','Complete','0','0','0','100','kg','Tillering'),
       ( '13','6','inorganic','Urea','0','0','0','100','kg','SE_PI'),
       ( '14','7','inorganic','Complete','0','0','0','100','kg','Tillering'),
       ( '15','7','inorganic','Urea','0','0','0','100','kg','SE_PI'),
       ( '16','8','inorganic','Urea','0','0','0','50','kg','Tillering'),
       ( '17','8','inorganic','Complete','0','0','0','50','kg','Booting'),
       ( '18','9','inorganic','Urea','0','0','0','50','kg','Tillering'),
       ( '19','9','inorganic','Complete','0','0','0','50','kg','SE_PI'),
       ( '20','9','inorganic','Urea','0','0','0','50','kg','Tillering'),
       ( '21','10','inorganic','Complete','0','0','0','50','kg','Tillering'),
       ( '22','10','inorganic','Urea','0','0','0','25','kg','Booting'),
       ( '23','11','inorganic','Complete','0','0','0','100','kg','Tillering'),
       ( '24','11','inorganic','Urea','0','0','0','100','kg','SE_PI'),
       ( '25','12','inorganic','Complete','0','0','0','100','kg','Tillering'),
       ( '26','12','inorganic','Urea','0','0','0','100','kg','SE_PI'),
       ( '27','13','inorganic','Urea','0','0','0','50','kg','Tillering'),
       ( '28','13','inorganic','Complete','0','0','0','50','kg','Booting'),
       ( '29','14','inorganic','Urea','0','0','0','50','kg','Tillering'),
       ( '30','14','inorganic','Complete','0','0','0','50','kg','SE_PI'),
       ( '31','15','inorganic','Complete','0','0','0','50','kg','Tillering'),
       ( '32','15','inorganic','Urea','0','0','0','25','kg','Booting'),
       ( '33','16','inorganic','Complete','0','0','0','50','kg','Tillering'),
       ( '34','16','inorganic','Urea','0','0','0','15','kg','Tillering'),
       ( '35','16','inorganic','Complete','0','0','0','15','kg','SE_PI'),
       ( '36','16','inorganic','Urea','0','0','0','15','kg','SE_PI'),
       ( '37','17','inorganic','Ammonium Phosphate','0','0','0','40','kg','Tillering'),
       ( '38','17','inorganic','Urea','0','0','0','25','kg','Tillering'),
       ( '39','17','inorganic','Ammonium Phosphate','0','0','0','40','kg','SE_PI'),
       ( '40','18','inorganic','Complete','0','0','0','25','kg','Tillering'),
       ( '41','18','inorganic','Urea','0','0','0','50','kg','Tillering'),
       ( '42','18','inorganic','Complete','0','0','0','50','kg','SE_PI'),
       ( '43','18','inorganic','Urea','0','0','0','25','kg','SE_PI'),
       ( '44','19','inorganic','Complete','0','0','0','50','kg','Tillering'),
       ( '45','19','inorganic','Urea','0','0','0','50','kg','Tillering'),
       ( '46','19','inorganic','Ammonium Sulfate','0','0','0','50','kg','SE_PI'),
       ( '47','19','inorganic','Complete','0','0','0','50','kg','Booting'),
       ( '48','19','inorganic','Urea','0','0','0','50','kg','Booting'),
       ( '49','20','inorganic','Complete','0','0','0','50','kg','Tillering'),
       ( '50','20','inorganic','Urea','0','0','0','50','kg','Tillering'),
       ( '51','20','inorganic','Complete','0','0','0','50','kg','SE_PI'),
       ( '52','20','inorganic','Urea','0','0','0','50','kg','SE_PI'),
       ( '53','20','inorganic','Complete','0','0','0','50','kg','SE_PI'),
       ( '54','21','inorganic','Urea','0','0','0','50','kg','Tillering'),
       ( '55','21','inorganic','Complete','0','0','0','50','kg','Seedling'),
       ( '56','22','inorganic','Complete','0','0','0','50','kg','Seedling'),
       ( '57','22','inorganic','Urea','0','0','0','50','kg','Seedling'),
       ( '58','22','inorganic','Complete','0','0','0','50','kg','Tillering'),
       ( '59','22','inorganic','Urea','0','0','0','50','kg','Tillering'),
       ( '60','23','inorganic','Complete','0','0','0','50','kg','Seedling'),
       ( '61','23','inorganic','Ammonium phosphate','0','0','0','50','kg','Seedling'),
       ( '62','23','inorganic','Urea','0','0','0','50','kg','Tillering'),
       ( '63','24','inorganic','Complete','0','0','0','100','kg','Seedling'),
       ( '64','24','inorganic','Complete','0','0','0','50','kg','Tillering'),
       ( '65','24','inorganic','Urea','0','0','0','50','kg','Tillering'),
       ( '66','24','inorganic','Urea','0','0','0','100','kg','SE_PI'),
       ( '67','25','inorganic','Urea','0','0','0','25','kg','Seedling'),
       ( '68','25','inorganic','Complete','0','0','0','25','kg','Tillering'),
       ( '69','27','inorganic','Complete','0','0','0','200','kg','Tillering'),
       ( '70','27','inorganic','Urea','0','0','0','100','kg','Tillering'),
       ( '71','27','inorganic','Urea','0','0','0','50','kg','SE_PI'),
       ( '72','27','inorganic','Muriate of Potash','0','0','0','50','kg','SE_PI'),
       ( '73','28','inorganic','Complete','0','0','0','50','kg','Tillering'),
       ( '74','28','inorganic','Urea','0','0','0','25','kg','Tillering'),
       ( '75','28','inorganic','Urea','0','0','0','50','kg','Tillering'),
       ( '76','28','inorganic','Complete ','0','0','0','25','kg','Tillering'),
       ( '77','28','inorganic','Urea','0','0','0','25','kg','SE_PI'),
       ( '78','28','inorganic','Complete fertilizer','0','0','0','25','kg','SE_PI'),
       ( '79','29','inorganic','Complete','0','0','0','211','kg','Tillering'),
       ( '80','29','inorganic','Urea','0','0','0','81','kg','Tillering'),
       ( '81','29','inorganic','Urea','0','0','0','50','kg','Tillering'),
       ( '82','30','inorganic','Complete','0','0','0','25','kg','Seedling'),
       ( '83','30','inorganic','Urea','0','0','0','25','kg','Seedling'),
       ( '84','30','inorganic','14-14-14 (Complete)','0','0','0','25','kg','SE_PI'),
       ( '85','30','inorganic','46-0-0 (Urea)','0','0','0','25','kg','SE_PI'),
       ( '86','31','inorganic','Complete','0','0','0','150','kg','Seedling'),
       ( '87','31','inorganic','Urea Fertilizer','0','0','0','150','kg','Seedling'),
       ( '88','31','inorganic','Ammonium Phosphate','0','0','0','50','kg','Seedling'),
       ( '89','31','inorganic','Complete','0','0','0','100','kg','Tillering'),
       ( '90','31','inorganic','Urea Fertilizer','0','0','0','100','kg','Tillering'),
       ( '91','31','inorganic','Ammonium Phosphate','0','0','0','50','kg','Tillering '),
       ( '92','32','inorganic','Urea Fertilizer','0','0','0','25','kg','Seedling'),
       ( '93','32','inorganic','Complete','0','0','0','25','kg','Seedling'),
       ( '94','32','inorganic','Urea Fertilizer','0','0','0','25','kg','Tillering'),
       ( '95','32','inorganic','Complete Fertilizer','0','0','0','25','kg','Tillering'),
       ( '96','32','inorganic','Urea','0','0','0','50','kg','SE_PI'),
       ( '97','32','inorganic','Albatros','0','0','0','0.5','kg','Dough'),
       ( '98','33','inorganic','Urea Fertilizer','0','0','0','50','kg','Seedling'),
       ( '99','33','inorganic','Complete','0','0','0','50','kg','Seedling'),
       ( '100','33','inorganic','Ammonium Sulfate','0','0','0','100','kg','Tillering'),
       ( '101','33','inorganic','Ammonium Sulfate','0','0','0','50','kg','SE_PI'),
       ( '102','34','inorganic','Complete','0','0','0','100','kg','Tillering'),
       ( '103','34','inorganic','Urea Fertilizer','0','0','0','50','kg','Tillering'),
       ( '104','34','inorganic','Complete Fertilizer','0','0','0','50','kg','SE_PI'),
       ( '105','34','inorganic','Urea','0','0','0','50','kg','SE_PI'),
       ( '106','35','inorganic','Complete','0','0','0','100','kg','Tillering'),
       ( '107','35','inorganic','Urea Fertilizer','0','0','0','50','kg','Tillering'),
       ( '108','35','inorganic','Complete Fertilizer','0','0','0','50','kg','SE_PI'),
       ( '109','35','inorganic','Urea Fertilizer','0','0','0','50','kg','SE_PI'),
       ( '110','36','inorganic','Complete','0','0','0','500','kg','Seedling'),
       ( '111','36','inorganic','Urea fertilizer','0','0','0','100','kg','Seedling'),
       ( '112','36','inorganic','Urea Fertilizer','0','0','0','100','kg','SE_PI'),
       ( '113','37','inorganic','Complete','0','0','0','200','kg','Tillering'),
       ( '114','37','inorganic','Complete','0','0','0','100','kg','SE_PI'),
       ( '115','37','inorganic','Urea Fertilizer','0','0','0','100','kg','Booting'),
       ( '116','38','inorganic','Complete','0','0','0','100','kg','Tillering'),
       ( '117','38','inorganic','Urea Fertilizer','0','0','0','50','kg','SE_PI'),
       ( '118','38','inorganic','Complete Fertilizer','0','0','0','50','kg','SE_PI'),
       ( '119','38','inorganic','Ammonium Sulfate','0','0','0','50','kg','Booting'),
       ( '120','39','inorganic','Complete','0','0','0','50','kg','Seedling'),
       ( '121','39','inorganic','Muriate of Potash','0','0','0','50','kg','Booting'),
       ( '122','39','inorganic','46-0-0 (Urea)','0','0','0','100','kg','Booting'),
       ( '123','40','inorganic','T-14','0','0','0','50','kg','Seedling'),
       ( '124','40','inorganic','urea','0','0','0','50','kg','Seedling'),
       ( '125','40','inorganic','17-717','0','0','0','200','kg','SE_PI'),
       ( '126','41','inorganic','Ammophos ','0','0','0','100','kg','Tillering '),
       ( '127','41','inorganic','Urea ','0','0','0','25','kg','SE_PI'),
       ( '128','41','inorganic','Complete','0','0','0','25','kg','SE_PI'),
       ( '129','41','inorganic','MOP ','0','0','0','25','kg','Booting '),
       ( '130','42','inorganic','Ammophos ','0','0','0','100','kg','Tillering '),
       ( '131','42','inorganic','Urea ','0','0','0','25','kg','SE_PI'),
       ( '132','42','inorganic','Complete','0','0','0','25','kg','SE_PI'),
       ( '133','42','inorganic','MOP ','0','0','0','25','kg','Booting '),
       ( '134','43','inorganic','Urea ','0','0','0','100','kg','Tillering '),
       ( '135','43','inorganic','Complete','0','0','0','50','kg','Tillering '),
       ( '136','43','inorganic','Urea','0','0','0','50','kg','SE_PI'),
       ( '137','44','inorganic','Urea ','0','0','0','50','kg','Seedling '),
       ( '138','44','inorganic','Complete','0','0','0','50','kg','Seedling '),
       ( '139','44','inorganic','Urea','0','0','0','50','kg','SE_PI'),
       ( '140','44','inorganic','Complete','0','0','0','50','kg','SE_PI'),
       ( '141','45','inorganic','Urea ','0','0','0','50','kg','Seedling '),
       ( '142','45','inorganic','Complete','0','0','0','50','kg','Seedling '),
       ( '143','45','inorganic','Urea','0','0','0','50','kg','SE_PI'),
       ( '144','45','inorganic','Complete','0','0','0','50','kg','SE_PI'),
       ( '145','46','inorganic','Urea ','0','0','0','50','kg','Tillering '),
       ( '146','46','inorganic','Ammophos ','0','0','0','100','kg','Tillering '),
       ( '147','46','inorganic','Urea','0','0','0','50','kg','SE_PI'),
       ( '148','46','inorganic','Ammophos ','0','0','0','50','kg','SE_PI'),
       ( '149','47','inorganic','Complete','0','0','0','50','kg','Seedling '),
       ( '150','47','inorganic','Urea','0','0','0','50','kg','Seedling '),
       ( '151','47','inorganic','MOP','0','0','0','25','kg','SE_PI'),
       ( '152','47','inorganic','Urea','0','0','0','25','kg','SE_PI'),
       ( '153','48','inorganic','Urea ','0','0','0','100','kg','Tillering '),
       ( '154','48','inorganic','Complete','0','0','0','100','kg','Tillering '),
       ( '155','48','inorganic','Urea','0','0','0','100','kg','SE_PI'),
       ( '156','48','inorganic','Complete','0','0','0','100','kg','SE_PI'),
       ( '157','49','inorganic','Urea ','0','0','0','100','kg','Seedling '),
       ( '158','49','inorganic','Complete','0','0','0','100','kg','Tillering '),
       ( '159','50','inorganic','Complete','0','0','0','100','kg','Seedling '),
       ( '160','50','inorganic','Urea','0','0','0','50','kg','Seedling '),
       ( '161','50','inorganic','MOP','0','0','0','50','kg','SE_PI'),
       ( '162','50','inorganic','Urea','0','0','0','50','kg','SE_PI'),
       ( '163','51','inorganic','Complete','0','0','0','75','kg','Tillering '),
       ( '164','51','inorganic','Urea','0','0','0','50','kg','SE_PI'),
       ( '165','52','inorganic','Complete','0','0','0','25','kg','Tillering '),
       ( '166','52','inorganic','Urea','0','0','0','25','kg','Tillering '),
       ( '167','52','inorganic','Complete','0','0','0','25','kg','SE_PI'),
       ( '168','52','inorganic','Urea','0','0','0','25','kg','SE_PI'),
       ( '169','53','inorganic','Complete','0','0','0','50','kg','Tillering '),
       ( '170','53','inorganic','Urea','0','0','0','50','kg','Booting '),
       ( '171','54','inorganic','Complete','0','0','0','100','kg','Seedling '),
       ( '172','55','inorganic','Complete','0','0','0','150','kg','Tillering '),
       ( '173','55','inorganic','Urea','0','0','0','25','kg','Tillering '),
       ( '174','56','inorganic','Complete','0','0','0','100','kg','Seedling'),
       ( '175','56','inorganic','Urea','0','0','0','50','kg','Seedling'),
       ( '176','56','inorganic','Complete','0','0','0','100','kg','Booting'),
       ( '177','56','inorganic','Urea','0','0','0','50','kg','Booting'),
       ( '178','57','inorganic','Urea','0','0','0','50','kg','Tillering'),
       ( '179','57','inorganic','Complete','0','0','0','50','kg','Booting'),
       ( '180','58','inorganic','Urea','0','0','0','25','kg','Tillering '),
       ( '181','58','inorganic','Complete','0','0','0','25','kg','Tillering '),
       ( '182','58','inorganic','Urea','0','0','0','25','kg','Booting '),
       ( '183','58','inorganic','Complete','0','0','0','25','kg','Booting '),
       ( '184','59','inorganic','Complete','0','0','0','250','kg','Tillering'),
       ( '185','59','inorganic','Urea','0','0','0','50','kg','Tillering'),
       ( '186','59','inorganic','Urea','0','0','0','100','kg','SE_PI'),
       ( '187','60','inorganic','Urea','0','0','0','150','kg','Seedling '),
       ( '188','60','inorganic','Complete','0','0','0','150','kg','Seedling'),
       ( '189','60','inorganic','Urea','0','0','0','200','kg','SE_PI'),
       ( '190','61','inorganic','Urea','0','0','0','50','kg','Tillering'),
       ( '191','61','inorganic','Complete','0','0','0','100','kg','Tillering'),
       ( '192','61','inorganic','Complete','0','0','0','100','kg','Heading'),
       ( '193','61','inorganic','MOP','0','0','0','50','kg','Heading'),
       ( '194','62','inorganic','Complete','0','0','0','150','kg','Tillering'),
       ( '195','62','inorganic','Urea','0','0','0','100','kg','Tillering'),
       ( '196','62','inorganic','Complete','0','0','0','300','kg','Tillering'),
       ( '197','62','inorganic','Ammonium sulfate','0','0','0','150','kg','SE_PI'),
       ( '198','63','inorganic','Complete','0','0','0','150','kg','Tillering'),
       ( '199','63','inorganic','Complete','0','0','0','150','kg','Tillering'),
       ( '200','64','inorganic','Urea','0','0','0','100','kg','Tillering'),
       ( '201','64','inorganic','Complete','0','0','0','100','kg','Tillering'),
       ( '202','65','inorganic','Urea','0','0','0','50','kg','Tillering'),
       ( '203','65','inorganic','Ammonium Phosphate','0','0','0','50','kg','Tillering'),
       ( '204','66','inorganic','Complete','0','0','0','100','kg','Tillering'),
       ( '205','66','inorganic','Ammonium Phosphate','0','0','0','100','kg','Tillering'),
       ( '206','67','inorganic','Urea','0','0','0','250','kg','Tillering'),
       ( '207','67','inorganic','Ammonium Phosphate','0','0','0','250','kg','Tillering'),
       ( '208','68','inorganic','Complete','0','0','0','50','kg','Tillering'),
       ( '209','68','inorganic','Ammonium Phosphate','0','0','0','50','kg','Tillering'),
       ( '210','69','inorganic','Urea','0','0','0','150','kg','Tillering'),
       ( '211','69','inorganic','Urea','0','0','0','150','kg','Tillering'),
       ( '212','71','inorganic','17-0-17','0','0','0','75','kg','Tillering'),
       ( '213','71','inorganic','Urea','0','0','0','50','kg','Tillering'),
       ( '214','71','inorganic','17-0-17','0','0','0','75','kg','SE_PI'),
       ( '215','72','inorganic','Urea','0','0','0','50','kg','Tillering'),
       ( '216','72','inorganic','Complete','0','0','0','50','kg','Tillering'),
       ( '217','72','inorganic','Urea','0','0','0','50','kg','Booting'),
       ( '218','72','inorganic','Complete Fertilizer (Complete)','0','0','0','50','kg',
         'Booting'),
       ( '219','72','inorganic','Crop Giant','0','0','0','1','kg','Milk'),
       ( '220','73','inorganic','Ammophos ','0','0','0','150','kg','Tillering'),
       ( '221','73','inorganic','Urea','0','0','0','150','kg','Tillering'),
       ( '222','74','inorganic','Complete','0','0','0','100','kg','Tillering'),
       ( '223','75','inorganic','Ammophos ','0','0','0','100','kg','Tillering'),
       ( '224','75','inorganic','Urea','0','0','0','50','kg','Tillering'),
       ( '225','76','inorganic','Ammophos','0','0','0','25','kg','Tillering'),
       ( '226','76','inorganic','Complete','0','0','0','50','kg','Tillering'),
       ( '227','76','inorganic','16-20-0','0','0','0','25','kg','SE_PI'),
       ( '228','77','inorganic','Complete','0','0','0','50','kg','SE_PI'),
       ( '229','77','inorganic','Urea','0','0','0','50','kg','SE_PI'),
       ( '230','77','inorganic','MOP','0','0','0','50','kg','SE_PI'),
       ( '231','78','inorganic','Urea','0','0','0','50','kg','Seedling'),
       ( '232','78','inorganic','Ammophos','0','0','0','50','kg','Tillering'),
       ( '233','78','inorganic','Urea','0','0','0','50','kg','Tillering'),
       ( '234','78','inorganic','Ammosul','0','0','0','50','kg','Booting'),
       ( '235','78','inorganic','MOP','0','0','0','50','kg','Booting '),
       ( '236','79','inorganic','Complete','0','0','0','200','kg','Tillering'),
       ( '237','79','inorganic','Complete','0','0','0','50','kg','SE_PI'),
       ( '238','79','inorganic','Urea','0','0','0','50','kg','SE_PI'),
       ( '239','79','inorganic','MOP','0','0','0','50','kg','SE_PI'),
       ( '240','80','inorganic','Complete','0','0','0','50','kg','Seedling'),
       ( '241','80','inorganic','Urea','0','0','0','50','kg','Seedling'),
       ( '242','80','inorganic','Ammophos','0','0','0','50','kg','Tillering'),
       ( '243','80','inorganic','Urea','0','0','0','50','kg','Tillering'),
       ( '244','80','inorganic','Ammosul','0','0','0','50','kg','Booting'),
       ( '245','80','inorganic','MOP','0','0','0','50','kg','Booting '),
       ( '246','81','inorganic','DAP (18-46)','0','0','0','50','kg','Seedling'),
       ( '247','81','inorganic','Urea','0','0','0','50','kg','Seedling'),
       ( '248','81','inorganic','Complete','0','0','0','50','kg','Seedling'),
       ( '249','81','inorganic','Ammophos ','0','0','0','50','kg','Tillering'),
       ( '250','81','inorganic','Ammosul','0','0','0','150','kg','SE_PI'),
       ( '251','82','inorganic','Complete','0','0','0','50','kg','Tillering'),
       ( '252','82','inorganic','Ammophos ','0','0','0','50','kg','Tillering'),
       ( '253','82','inorganic','Complete','0','0','0','50','kg','SE_PI'),
       ( '254','82','inorganic','Urea','0','0','0','50','kg','SE_PI'),
       ( '255','82','inorganic','Urea','0','0','0','50','kg','Booting'),
       ( '256','82','inorganic','17-0-17','0','0','0','50','kg','Booting'),
       ( '257','83','inorganic','Ammophos ','0','0','0','150','kg','Tillering'),
       ( '258','83','inorganic','Complete','0','0','0','150','kg','Booting'),
       ( '259','84','inorganic','Complete','0','0','0','100','kg','Tillering'),
       ( '260','84','inorganic','Urea','0','0','0','50','kg','Tillering'),
       ( '261','84','inorganic','Complete','0','0','0','100','kg','Booting'),
       ( '262','84','inorganic','Urea','0','0','0','50','kg','Booting'),
       ( '263','84','inorganic','17-0-17','0','0','0','50','kg','Heading'),
       ( '264','85','inorganic','Ammophos ','0','0','0','100','kg','Tillering'),
       ( '265','85','inorganic','Complete','0','0','0','200','kg','Tillering'),
       ( '266','85','inorganic','Urea','0','0','0','100','kg','Tillering'),
       ( '267','85','inorganic','Urea','0','0','0','200','kg','SE_PI'),
       ( '268','85','inorganic','Urea','0','0','0','100','kg','SE_PI'),
       ( '269','85','inorganic','17-0-17','0','0','0','100','kg','Booting'),
       ( '270','85','inorganic','Ammosul','0','0','0','100','kg','Booting '),
       ( '271','85','inorganic','MOP','0','0','0','100','kg','Booting '),
       ( '272','86','inorganic','Urea ','0','0','0','12.5','kg','Tillering'),
       ( '273','86','inorganic','Complete','0','0','0','25','kg','Seedling'),
       ( '274','86','inorganic','Urea','0','0','0','12.5','kg','SE_PI'),
       ( '275','86','inorganic','Complete','0','0','0','25','kg','SE_PI'),
       ( '276','86','inorganic','Urea','0','0','0','10','kg','Heading'),
       ( '277','86','inorganic','MOP','0','0','0','25','kg','Heading'),
       ( '278','87','inorganic','Urea','0','0','0','150','kg','Tillering'),
       ( '279','87','inorganic','Complete','0','0','0','200','kg','Tillering'),
       ( '280','87','inorganic','Complete','0','0','0','200','kg','SE_PI'),
       ( '281','87','inorganic','Ammosul','0','0','0','50','kg','SE_PI'),
       ( '282','88','inorganic','Complete','0','0','0','15','kg','Tillering'),
       ( '283','88','inorganic','Urea ','0','0','0','12','kg','Tillering'),
       ( '284','88','inorganic','Complete','0','0','0','20','kg','Booting'),
       ( '285','89','inorganic','Complete','0','0','0','15','kg','Seedling'),
       ( '286','89','inorganic','Complete','0','0','0','15','kg','Tillering'),
       ( '287','89','inorganic','Complete','0','0','0','15','kg','SE_PI'),
       ( '288','90','inorganic','Complete','0','0','0','50','kg','Tillering'),
       ( '289','90','inorganic','Urea ','0','0','0','50','kg','Tillering'),
       ( '290','90','inorganic','Ammosul','0','0','0','150','kg','Booting'),
       ( '291','90','inorganic','MOP','0','0','0','50','kg','Booting'),
       ( '292','91','inorganic','Urea ','0','0','0','150','kg','Tillering'),
       ( '293','91','inorganic','Complete','0','0','0','100','kg','Tillering'),
       ( '294','91','inorganic','Urea','0','0','0','150','kg','Booting'),
       ( '295','91','inorganic','Complete','0','0','0','100','kg','Booting'),
       ( '296','92','inorganic','2020-10-20 00:00:00','0','0','0','100','kg','Tillering'),
       ( '297','92','inorganic','Urea ','0','0','0','50','kg','Tillering'),
       ( '298','92','inorganic','17-0-17','0','0','0','150','kg','Booting'),
       ( '299','92','inorganic','Ammosul','0','0','0','100','kg','Booting'),
       ( '300','92','inorganic','MOP','0','0','0','50','kg','Booting'),
       ( '301','93','inorganic','Urea','0','0','0','50','kg','Tillering'),
       ( '302','93','inorganic','DAP (18-46)','0','0','0','100','kg','Tillering'),
       ( '303','93','inorganic','Complete','0','0','0','50','kg','Tillering'),
       ( '304','93','inorganic','Complete','0','0','0','50','kg','SE_PI'),
       ( '305','94','inorganic','Complete','0','0','0','100','kg','Tillering'),
       ( '306','94','inorganic','Urea ','0','0','0','100','kg','SE_PI'),
       ( '307','94','inorganic','DAP','0','0','0','100','kg','Booting'),
       ( '308','94','inorganic','MOP','0','0','0','100','kg','Booting'),
       ( '309','95','inorganic','Complete','0','0','0','50','kg','Tillering'),
       ( '310','95','inorganic','Urea ','0','0','0','100','kg','Tillering'),
       ( '311','95','inorganic','Ammophos','0','0','0','50','kg','Tillering'),
       ( '312','95','inorganic','Urea','0','0','0','100','kg','Booting'),
       ( '313','95','inorganic','Ammophos ','0','0','0','50','kg','Booting'),
       ( '314','96','inorganic','Complete','0','0','0','50','kg','Tillering'),
       ( '315','96','inorganic','Urea ','0','0','0','50','kg','Tillering'),
       ( '316','96','inorganic','Complete','0','0','0','50','kg','Booting'),
       ( '317','96','inorganic','Urea','0','0','0','50','kg','Booting'),
       ( '318','97','inorganic','Urea','0','0','0','500','kg','Seedling'),
       ( '319','97','inorganic','Complete','0','0','0','500','kg','Tillering'),
       ( '320','97','inorganic','Complete','0','0','0','500','kg','SE_PI'),
       ( '321','97','inorganic','Urea','0','0','0','500','kg','SE_PI'),
       ( '322','97','inorganic','Urea','0','0','0','200','kg','Booting'),
       ( '323','98','inorganic','Ammophos ','0','0','0','100','kg','Tillering'),
       ( '324','98','inorganic','Urea ','0','0','0','50','kg','Tillering'),
       ( '325','98','inorganic','MOP','0','0','0','50','kg','Booting'),
       ( '326','98','inorganic','Ammosul','0','0','0','50','kg','Booting'),
       ( '327','99','inorganic','Complete','0','0','0','50','kg','Tillering'),
       ( '328','99','inorganic','Urea ','0','0','0','50','kg','Tillering'),
       ( '329','99','inorganic','Ammosul ','0','0','0','50','kg','Booting'),
       ( '330','99','inorganic','MOP','0','0','0','25','kg','Booting'); 

insert into public.harvest_records
(
  id,
  harvest_date,
  harvesting_method,
  bags_harvested,
  avg_bag_weight_kg,
  area_harvested,
  irrigation_supply
)
values ( '1','2025-03-31','Manual','40','42','1','Sufficient'),
       ( '2','2025-03-31','Manual','21','42','0.5','Sufficient'),
       ( '3','2025-03-05','Manual','55','46','0.75','Sufficient'),
       ( '4','2025-03-05','Manual','10','38','0.47','Sufficient'),
       ( '5','2025-03-05','Manual','38','45','0.45','Sufficient'),
       ( '6','2025-03-25','Manual','40','42','1','Sufficient'),
       ( '7','2025-03-03','Manual','30','42','0.7','Sufficient'),
       ( '8','2025-03-19','Manual','21','42','0.5','Sufficient'),
       ( '9','2025-03-22','Manual','31','45','0.5','Sufficient'),
       ( '10','2025-03-28','Manual','13','40','0.25','Sufficient'),
       ( '11','2025-02-17','Manual','85','42','1','Sufficient'),
       ( '12','2025-02-17','Manual','45','45','0.7','Sufficient'),
       ( '13','2025-02-14','Manual','21','42','0.5','Sufficient'),
       ( '14','2025-02-11','Manual','21','42','0.25','Sufficient'),
       ( '15','2025-02-28','Manual','21','45','0.25','Sufficient'),
       ( '16','2025-02-09','Manual','59','42','0.45','Sufficient'),
       ( '17','2025-02-09','Manual','37','41','0.2','Sufficient'),
       ( '18','2025-02-09','Manual','58','39','1','Sufficient'),
       ( '19','2025-02-09','Manual','80','40','0.8','Sufficient'),
       ( '20','2025-02-09','Mechanical','88','52','1','Sufficient'),
       ( '21','2025-01-29','Manual','45','40','0.7','Sufficient'),
       ( '22','2025-02-09','Manual','47','42','0.7','Not Sufficient'),
       ( '23','2025-02-09','Manual','37','42','0.5','Sufficient'),
       ( '24','2025-02-09','Manual','85','42','0.9','Sufficient'),
       ( '25','2025-01-24','Manual','9','41','0.15','Not'),
       ( '26','2025-01-15','Manual','136','43','2.1','Sufficient'),
       ( '27','2025-02-09','Manual','92','41','1','Not Sufficient'),
       ( '28','2025-04-06','Manual','35','43','0.71','Not Sufficient'),
       ( '29','2025-02-28','Manual','56','40','1','Not Sufficient'),
       ( '30','2025-02-06','Mechanical','45','45','0.3','Sufficient'),
       ( '31','2025-02-12','Manual','220','38','1.86','Sufficient'),
       ( '32','2025-02-11','Manual','49','42','0.5','Sufficient'),
       ( '33','2025-02-05','Manual','66','39','0.59','Sufficient'),
       ( '34','2025-02-09','Manual','166','39','1.23','Sufficient'),
       ( '35','2025-02-09','Manual ','91','42','1','Sufficient'),
       ( '36','2025-03-03','Mechanical','92','38','3','Sufficient'),
       ( '37','2025-03-07','Mechanical','131','43','1.68','Sufficient'),
       ( '38','2024-12-23','Manual ','94','42','1','Sufficient'),
       ( '39','2025-01-20','Manual','30','38','0.43','Not'),
       ( '40','2025-01-16','Manual','44','42','1','Not'),
       ( '41','2025-03-07','Manual','60','43','0.5','Sufficient'),
       ( '42','2025-04-15','Manual','68','47','0.75','Sufficient'),
       ( '43','2025-01-23','Manual','69','47','1','Sufficient'),
       ( '44','2024-12-12','Manual','39','48','0.65','Sufficient'),
       ( '45','2025-02-28','Mechanical','15','44','0.25','Excessive'),
       ( '46','2025-01-18','Manual','80','50','1','Sufficient'),
       ( '47','2025-02-18','Manual','35','45','0.32','Sufficient'),
       ( '48','2025-03-12','Mechanical','120','48','3','Sufficient'),
       ( '49','2025-02-04','Mechanical','191','48','3','Sufficient'),
       ( '50','2025-01-18','Mechanical','51','48','1.21','Sufficient'),
       ( '51','2025-02-18','Manual','39','44','1','Sufficient'),
       ( '52','2025-03-03','Manual','20','46','0.45','Sufficient'),
       ( '53','2025-03-30','Mechanical','69','50','0.5','Sufficient'),
       ( '54','2025-02-18','Mechanical','105','50','1','Sufficient'),
       ( '55','2025-01-24','Mechanical','33','45','1','Sufficient'),
       ( '56','2025-02-11','Manual','103','47','1.5','Sufficient'),
       ( '57','2025-02-13','Manual','70','40','1.4','Not Enough'),
       ( '58','2025-03-08','Manual','30','50','0.6','Not Enough'),
       ( '59','2025-02-10','Manual','204','42','2.3','Sufficient'),
       ( '60','2025-02-14','Manual','155','43','2.3','Sufficient'),
       ( '61','2025-03-13','Mechanical','100','42','1','Sufficient'),
       ( '62','2025-03-02','Mechanical','224','46','1.5','Sufficient'),
       ( '63','2025-02-15','Mechanical','160','48','1','Sufficient'),
       ( '64','2025-02-10','Mechanical','254','48','1.8','Sufficient'),
       ( '65','2025-01-20','Mechanical','130','44','1.2','Sufficient'),
       ( '66','2025-02-03','Mechanical','46','50','0.7','Not'),
       ( '67','2025-02-21','Mechanical','351','50','4.4','Sufficient'),
       ( '68','2025-02-05','Mechanical','41','50','0.5','Sufficient'),
       ( '69','2025-02-11','Mechanical','145','45','1.1','Sufficient'),
       ( '70','2025-02-09','Manual','60','45','1','Sufficient'),
       ( '71','2025-02-09','Manual','84','43','1','Sufficient'),
       ( '72','2025-02-09','Manual','76','43','1','Sufficient'),
       ( '73','2025-01-03','Manual','10','40','0.66','Not'),
       ( '74','2025-02-09','Manual','70','48','1','Sufficient'),
       ( '75','2025-01-20','Mechanical','32','53','1','Sufficient'),
       ( '76','2025-02-09','Manual','15','42','0.5','Not Enough'),
       ( '77','2025-01-30','Mechanical','78','50','1','Sufficient'),
       ( '78','2025-01-27','Mechanical','111','50','1','Sufficient'),
       ( '79','2025-01-07','Mechanical ','78','50','1','Sufficient'),
       ( '80','2025-02-14','Mechanical ','111','50','1','Sufficient'),
       ( '81','2025-01-15','Manual','37','47','1.17','Sufficient'),
       ( '82','2024-12-21','Manual','104','47','1','Sufficient'),
       ( '83','2024-12-10','Manual','70','48','1','Sufficient'),
       ( '84','2024-12-12','manual','71','48','3','Sufficient'),
       ( '85','2024-12-21','Manual','206','48','2.7','Sufficient'),
       ( '86','2025-01-13','Manual','34','48','0.37','Sufficient'),
       ( '87','2025-01-10','Mechanical','175','47','2.5','Sufficient'),
       ( '88','2024-12-22','Manual','70','46','0.77','Sufficient'),
       ( '89','2025-04-30','Manual','14','52','0.17','Sufficient'),
       ( '90','2025-02-27','Manual','101','45','1','Sufficient'),
       ( '91','2025-01-02','Manual','75','45','1','Sufficient'),
       ( '92','2025-01-26','Manual ','115','47','1.5','Sufficient'),
       ( '93','2025-02-18','Manual','98','45','1','Sufficient'),
       ( '94','2025-04-03','Manual','161','46','1.9','Sufficient'),
       ( '95','2025-02-15','Manual ','128','45','1.5','Sufficient'),
       ( '96','2025-01-30','Manual ','57','46','0.72','Sufficient'),
       ( '97','2025-03-16','Manual ','293','45','3.9','Sufficient'),
       ( '98','2025-02-17','Manual ','54','45','0.8','Sufficient'),
       ( '99','2025-02-19','Manual ','60','45','0.5','Sufficient'),
       ( '100','2025-01-22','Manual','24','40','1','Not'),
       ( '101','2025-01-27','Mechanical','35','50','0.6','Sufficient'),
       ( '102','2025-01-19','Mechanical','6','50','0.4','Not'),
       ( '103','2025-02-09','Manual','60','45','1','Sufficient'),
       ( '104','2025-01-29','Manual','4','45','0.5','Not'),
       ( '105','2025-01-08','Mechanical','33','45','0.3','Not'),
       ( '106','2025-01-02','Manual','10','42','0.5','Not'),
       ( '107','2025-01-02','Manual','36','42','0.6','Not'),
       ( '108','2025-01-15','Mechanical','70','45','1.5','Not'),
       ( '109','2024-12-24','Mechanical','30','45','0.6','Not'),
       ( '110','2025-01-20','Manual','80','48','1','Sufficient'),
       ( '111','2024-12-21','Mechanical','33','45','1','Not'),
       ( '112','2024-12-24','Mechanical','23','46','0.33','Not'),
       ( '113','2025-01-02','Mechanical','47','50','1.2','Not'),
       ( '114','2025-01-07','Mechanical','14','50','0.34','Not'),
       ( '115','2025-01-21','Mechanical','70','45','1','Sufficient'),
       ( '116','2025-01-28','Mechanical','31','50','0.5','Sufficient'),
       ( '117','2024-12-14','Mechanical','96','48','1','Sufficient'),
       ( '118','2025-01-07','Mechanical','122','55','1.6','Sufficient'),
       ( '119','2025-02-23','Mechanical','220','46','2.5','Sufficient'); 
